cpa,interview_score,CV_score,num_projects,years_experience,KPI
2.5,2.96,2.0,7,13.48,0.3254
3.96,9.82,9.82,8,20.64,0.8935
2.93,4.46,1.91,1,3.69,0.2705
2.53,4.3,3.91,6,11.91,0.4547
3.92,5.56,4.29,5,7.29,0.5359
2.85,4.27,4.27,4,9.54,0.402
2.82,5.25,3.7,2,7.11,0.4559
3.04,6.89,3.41,5,0.68,0.3668
2.03,3.19,3.14,6,19.08,0.3014
2.88,6.07,4.69,7,9.34,0.4731
3.11,7.81,3.24,5,17.32,0.4919
2.88,6.22,4.22,3,4.28,0.3993
2.6,3.24,3.16,10,18.74,0.3737
2.45,2.58,3.2,4,12.59,0.2175
3.24,5.52,4.86,2,3.83,0.3855
3.33,6.65,6.65,9,14.31,0.6317
2.83,4.36,2.67,3,8.83,0.4106
2.39,3.05,1.71,4,10.26,0.2582
2.73,4.57,3.53,7,16.86,0.435
2.74,3.47,3.52,5,9.21,0.3434
3.46,8.63,5.72,5,15.83,0.6793
2.0,3.9,2.9,4,5.06,0.1604
3.14,6.01,4.14,9,19.81,0.6338
2.89,5.15,3.49,12,21.33,0.5519
3.76,7.07,5.08,8,16.21,0.6725
3.05,6.82,5.26,4,7.71,0.4886
3.53,7.01,3.61,4,6.0,0.5015
2.35,3.35,1.82,7,20.23,0.3307
3.15,6.18,4.19,9,16.79,0.5053
2.6,3.89,2.45,4,7.91,0.2691
2.27,2.62,1.66,8,12.51,0.339
2.7,3.7,1.84,1,3.43,0.2016
3.51,8.5,3.55,5,8.17,0.6307
2.8,3.97,3.12,4,7.26,0.2834
3.13,8.92,4.33,1,3.17,0.4781
2.7,5.41,2.42,2,7.04,0.2397
3.24,6.65,4.53,7,12.98,0.5781
3.27,6.51,5.29,6,14.89,0.5635
2.49,1.6,3.0,2,6.6,0.2213
2.29,1.56,0.0,2,2.81,0.0578
2.64,1.92,0.73,5,12.45,0.2035
2.35,3.03,3.14,3,4.25,0.3043
2.54,1.46,3.65,7,18.79,0.3453
2.55,4.34,2.59,3,8.46,0.3394
2.98,3.7,1.38,5,10.82,0.4305
3.1,4.07,3.4,8,20.3,0.5045
3.37,6.24,3.42,3,2.61,0.4333
3.04,6.51,3.96,9,13.61,0.5879
2.37,5.25,2.67,12,19.93,0.4435
2.45,3.96,2.03,9,20.84,0.3232
3.29,7.41,4.24,8,20.49,0.6505
3.11,5.53,5.53,7,12.06,0.5279
2.66,2.66,1.16,4,10.67,0.2686
2.85,2.55,4.14,4,11.1,0.3231
2.73,5.4,4.03,8,16.62,0.4627
2.9,3.96,3.25,6,14.36,0.3176
2.39,1.96,1.96,0,0.0,0.0673
2.75,5.15,2.55,4,12.23,0.4115
3.8,7.87,6.1,2,8.9,0.5929
3.35,6.29,2.52,2,1.82,0.4984
2.76,2.94,0.91,8,11.31,0.3227
3.1,3.43,2.1,4,0.53,0.3442
2.7,4.74,3.15,3,5.93,0.4177
2.5,0.0,0.38,1,3.94,0.114
3.81,8.18,3.72,9,14.27,0.7178
2.67,5.19,2.08,6,18.81,0.428
3.39,4.64,2.48,7,18.69,0.5105
2.23,1.37,2.27,5,8.83,0.1767
2.95,5.3,3.94,4,9.47,0.4015
2.0,3.63,3.05,7,12.56,0.2999
2.58,3.46,0.24,2,5.2,0.1988
3.36,9.82,5.76,1,4.94,0.5972
2.45,1.83,1.36,2,6.55,0.1657
2.94,4.09,2.65,5,14.94,0.3741
2.94,3.69,0.46,5,14.82,0.3409
2.0,3.21,2.76,8,18.45,0.2338
2.4,1.66,2.01,3,11.02,0.2242
2.54,4.25,0.73,8,12.01,0.192
3.85,9.26,9.26,10,19.52,0.8547
2.25,1.26,1.26,0,0.0,0.0147
3.54,5.52,4.27,2,0.27,0.4643
3.23,6.02,4.44,5,11.55,0.429
3.13,5.67,5.67,8,12.34,0.5447
2.7,5.77,1.92,2,4.2,0.2743
2.39,2.08,0.32,4,4.92,0.2404
2.64,5.41,2.76,3,4.0,0.4208
3.5,8.08,5.06,5,18.52,0.6184
3.29,5.72,4.36,11,17.47,0.6347
2.32,1.78,3.51,5,9.73,0.1833
3.0,4.72,3.45,9,15.13,0.4617
2.65,3.78,3.93,9,15.62,0.418
3.31,7.29,4.13,1,5.49,0.3876
2.84,4.32,3.03,7,15.25,0.3879
3.51,7.7,3.95,3,3.52,0.5578
3.39,4.9,3.45,3,3.54,0.4839
2.96,6.47,4.17,6,18.95,0.5568
3.24,5.96,5.11,2,6.09,0.4285
2.18,1.76,1.67,7,13.83,0.1936
2.64,1.88,1.75,10,20.67,0.2856
3.96,9.8,9.8,7,20.6,0.8869
3.02,8.95,3.38,3,4.43,0.5191
3.5,8.76,5.45,8,12.37,0.5757
3.19,3.86,2.04,5,15.7,0.388
3.43,8.22,4.45,6,12.39,0.6549
3.01,5.03,5.03,5,11.06,0.4737
2.02,3.49,1.22,8,16.92,0.2313
2.9,5.76,3.11,6,17.38,0.4392
2.47,4.73,3.46,10,16.99,0.3976
2.65,6.88,3.9,2,5.56,0.3713
2.14,0.72,0.72,0,0.0,0.0
3.47,7.46,3.82,5,15.23,0.5345
3.04,5.35,2.02,2,1.33,0.2746
2.83,5.5,3.28,6,8.98,0.4209
3.02,5.71,4.68,4,0.8,0.4351
3.38,6.28,4.13,6,18.69,0.5921
2.9,3.05,2.05,10,21.08,0.3366
2.9,3.71,3.02,3,5.48,0.3405
2.82,3.27,1.71,4,6.52,0.3228
2.65,3.35,1.28,5,15.46,0.3687
2.91,6.22,2.67,6,18.99,0.4527
3.09,5.82,3.12,2,6.78,0.4958
3.1,6.73,4.7,9,13.83,0.6133
2.85,5.19,3.11,2,1.41,0.3001
2.82,7.4,4.63,6,13.24,0.5281
3.07,6.86,5.14,1,3.35,0.4032
3.7,8.04,6.34,2,4.19,0.592
2.95,6.53,4.65,10,21.23,0.5387
3.09,4.73,3.38,1,1.45,0.3838
3.32,8.05,4.95,6,18.4,0.6474
3.25,6.74,4.69,3,2.13,0.4671
2.07,3.05,2.24,1,4.82,0.1528
3.12,7.42,3.78,6,10.05,0.5268
2.31,3.8,2.43,4,7.22,0.2378
2.95,4.77,4.77,4,10.54,0.4441
3.85,6.28,4.16,5,10.28,0.6433
2.76,4.03,2.52,8,11.2,0.3987
2.94,4.69,4.69,4,10.38,0.4374
3.49,8.28,2.78,2,4.31,0.5364
3.73,8.6,4.33,4,11.6,0.6131
2.78,2.06,1.99,1,0.45,0.1925
2.39,4.53,2.54,8,14.75,0.2485
2.88,2.7,2.09,6,16.42,0.443
3.46,6.08,5.28,11,20.44,0.5788
3.18,6.62,2.74,7,20.7,0.4856
3.88,9.38,9.38,12,19.76,0.8719
3.5,6.6,4.21,3,8.56,0.5527
2.29,1.71,2.19,6,16.54,0.2609
2.99,6.21,4.14,8,21.89,0.5679
2.8,6.59,3.21,3,3.7,0.3996
3.57,7.84,7.84,8,16.67,0.7267
2.61,6.15,1.8,6,8.28,0.4561
2.36,5.39,2.39,5,8.56,0.2777
2.53,3.5,2.19,13,21.78,0.4235
2.17,2.59,1.49,1,4.19,0.1223
2.51,4.52,2.14,3,9.97,0.2881
2.9,4.88,3.49,2,8.68,0.34
3.23,6.15,6.15,6,13.3,0.5745
3.31,5.77,3.89,5,4.78,0.5428
3.55,6.98,5.03,9,17.07,0.6503
3.84,9.22,9.22,7,19.44,0.838
3.06,5.52,2.93,3,8.13,0.474
2.79,5.26,2.66,1,3.01,0.3175
2.39,3.81,1.83,4,0.56,0.1732
2.35,3.88,3.16,7,18.25,0.3704
2.77,4.02,2.11,4,0.28,0.3097
3.51,5.55,4.55,3,7.95,0.5365
3.17,6.67,4.27,1,4.37,0.5001
2.95,3.58,4.84,3,10.17,0.376
2.89,7.2,4.33,2,3.33,0.3773
3.54,6.03,5.32,9,15.67,0.5829
3.48,7.74,3.29,1,2.12,0.4352
2.86,2.59,1.68,2,1.15,0.2657
4.0,5.49,5.37,4,9.14,0.6727
3.4,9.27,1.49,4,6.87,0.5063
2.73,3.64,1.76,2,3.8,0.2106
2.32,1.44,1.69,3,2.95,0.1442
3.04,5.19,5.19,6,11.38,0.4937
3.11,5.65,3.49,6,15.5,0.4442
3.86,8.72,4.56,5,7.19,0.6753
3.14,5.33,4.02,4,6.75,0.4507
2.67,5.01,2.89,2,1.39,0.3555
3.58,7.88,7.88,6,16.75,0.7195
2.52,3.91,2.62,1,2.86,0.2793
4.0,10.0,10.0,10,21.0,0.9171
3.1,3.39,3.18,4,6.05,0.3049
2.62,4.98,2.62,5,7.48,0.4075
3.37,4.41,3.62,7,15.35,0.4995
3.32,9.0,4.03,2,4.92,0.592
2.65,4.59,2.25,4,10.28,0.3414
3.05,3.98,3.95,4,9.78,0.4195
3.63,7.85,4.65,5,7.79,0.6754
3.46,4.6,5.11,5,14.18,0.562
2.79,2.09,3.88,3,7.2,0.3532
2.93,9.22,5.25,8,15.9,0.5621
2.98,4.14,3.16,4,13.69,0.4667
2.95,5.68,3.17,7,11.17,0.4947
2.54,2.69,2.69,0,0.0,0.1214
2.45,2.38,2.04,7,10.07,0.2354
3.3,6.7,4.78,6,15.23,0.5782
3.54,6.6,4.34,11,18.19,0.6738
3.54,9.24,4.78,6,15.46,0.632
2.93,4.55,2.93,8,19.88,0.4955
2.97,6.88,3.28,1,1.04,0.4089
2.97,4.85,4.85,6,10.7,0.465
3.39,5.87,4.17,3,6.42,0.5072
3.29,6.02,4.66,1,4.7,0.4632
2.48,3.58,3.65,6,11.95,0.3779
3.74,7.61,4.64,2,1.98,0.5346
2.42,4.25,0.92,1,1.62,0.2075
3.54,8.21,4.27,6,8.86,0.5963
2.16,0.82,0.82,0,0.0,0.0
3.77,7.12,4.45,11,21.29,0.73
2.43,3.22,1.86,1,2.11,0.2056
3.43,6.86,3.85,10,17.23,0.6246
2.65,4.31,1.93,2,7.24,0.3681
2.77,2.84,3.74,6,9.26,0.3541
3.94,9.7,9.7,11,20.4,0.8955
2.7,4.85,2.24,6,17.05,0.4252
2.96,5.16,3.39,7,18.71,0.4119
3.01,2.36,1.65,3,10.28,0.3257
3.17,5.17,2.96,6,11.7,0.4486
2.92,5.62,3.03,5,9.03,0.4275
3.4,5.55,5.48,10,18.99,0.6149
2.35,3.05,1.51,2,7.98,0.2678
2.61,2.34,1.71,2,4.05,0.1481
2.43,3.26,2.87,1,3.35,0.1614
2.52,5.42,3.41,4,7.92,0.3724
3.31,5.16,2.84,10,16.17,0.3941
2.81,3.12,1.89,4,14.83,0.3305
2.36,3.17,1.65,10,20.95,0.1912
2.83,5.8,3.93,3,8.16,0.4104
3.5,7.88,4.44,4,2.74,0.5593
2.8,3.32,2.52,3,0.89,0.2416
2.93,4.65,4.65,5,10.3,0.4417
2.63,3.15,3.15,0,0.0,0.156
3.0,5.63,4.59,3,7.28,0.4497
2.84,3.84,2.72,5,10.89,0.3503
3.08,6.46,2.85,4,13.64,0.3986
3.36,6.13,3.92,3,5.61,0.5571
2.43,4.01,3.46,9,18.69,0.3328
3.08,7.01,3.69,4,11.1,0.5338
2.63,2.6,3.13,1,3.71,0.2088
2.68,4.81,2.48,2,5.03,0.3718
2.57,4.25,2.56,5,9.34,0.3926
2.3,2.01,0.74,3,4.65,0.1759
2.3,1.5,1.5,0,0.0,0.0327
2.97,3.31,2.67,6,8.86,0.2772
3.15,6.5,4.5,8,12.66,0.584
3.38,7.81,2.91,5,18.44,0.5798
3.81,9.04,9.04,7,19.08,0.8228
3.25,6.37,3.94,3,11.21,0.4847
3.22,7.76,4.46,2,6.25,0.5498
2.66,3.71,2.34,8,18.1,0.4012
3.25,6.54,2.25,4,8.93,0.5062
3.02,5.09,5.09,6,11.18,0.4852
2.62,1.16,1.39,6,15.7,0.3295
2.82,2.49,3.23,10,17.92,0.4698
2.59,4.1,3.17,2,3.13,0.3101
3.0,5.33,4.17,1,1.41,0.391
3.31,6.57,6.57,7,14.15,0.6155
3.36,7.36,3.93,4,9.72,0.609
2.65,3.49,3.95,4,13.05,0.35
3.99,9.96,9.96,9,20.92,0.9097
4.0,8.39,4.26,3,3.13,0.6231
3.34,6.64,4.53,2,3.57,0.4202
2.5,5.85,2.86,2,3.02,0.2356
2.91,5.05,2.34,2,3.83,0.3894
2.71,2.57,2.52,3,4.87,0.2568
3.47,6.34,4.4,4,0.42,0.4912
2.35,2.04,0.87,5,9.85,0.1802
2.52,2.75,1.95,1,4.88,0.2013
2.63,4.47,2.53,0,0.31,0.1219
3.58,6.38,3.65,9,21.62,0.6021
2.73,3.65,3.65,5,8.29,0.3574
3.08,5.36,3.49,10,21.64,0.5764
3.22,6.11,6.11,8,13.22,0.5817
3.28,7.43,5.08,8,21.94,0.6026
2.68,3.81,2.12,13,20.05,0.3736
2.57,2.85,2.85,0,0.0,0.1334
2.89,3.84,3.11,7,13.92,0.4994
2.85,5.01,2.75,1,0.37,0.3045
2.65,3.23,3.23,0,0.0,0.162
3.39,6.97,6.97,9,14.95,0.6586
2.87,2.26,1.9,6,20.18,0.398
3.09,4.36,1.78,7,20.0,0.4617
2.79,7.39,4.22,6,18.01,0.4646
2.19,1.46,2.17,1,1.82,0.0424
2.53,4.58,1.2,6,12.37,0.303
3.54,8.28,4.58,3,10.17,0.5497
3.92,9.58,9.58,7,20.16,0.8683
2.73,2.21,0.52,10,14.99,0.359
3.03,6.62,3.41,5,8.13,0.5269
2.8,5.3,3.11,12,20.14,0.5549
2.64,2.84,2.37,3,4.72,0.2492
2.54,4.46,1.8,9,13.71,0.364
2.71,4.89,1.86,3,0.22,0.3126
2.28,2.08,3.27,8,18.78,0.2785
2.85,4.81,2.58,5,15.06,0.4452
3.07,5.43,2.23,2,5.85,0.419
3.05,5.23,3.86,2,4.26,0.4075
2.77,5.26,3.24,4,12.38,0.3954
3.31,3.54,2.13,3,10.37,0.3338
2.99,6.65,3.7,3,7.45,0.398
3.42,8.32,5.68,2,6.34,0.5569
3.54,6.13,4.15,7,18.95,0.5361
2.92,3.35,3.36,1,5.03,0.2389
2.0,0.02,0.02,0,0.0,0.0
3.45,4.62,3.58,4,8.35,0.4969
3.39,6.54,5.13,11,21.16,0.7306
2.99,5.74,6.19,5,17.61,0.6083
3.98,7.14,4.14,4,10.45,0.6588
3.63,8.16,8.16,9,17.31,0.758
2.75,4.65,3.34,2,5.67,0.2556
2.93,6.63,3.38,4,9.26,0.411
2.63,7.02,3.02,4,7.84,0.4248
2.88,1.75,2.51,5,13.02,0.2974
2.89,4.48,1.93,4,10.16,0.3568
3.02,7.43,5.62,7,17.66,0.6088
3.21,6.92,4.34,1,3.49,0.445
2.76,1.87,1.23,1,4.88,0.1822
2.93,7.11,1.81,3,9.35,0.4323
2.8,3.44,2.52,8,20.05,0.3815
2.7,4.81,3.41,5,9.13,0.4471
2.15,4.52,2.26,9,18.29,0.2379
2.81,5.67,4.17,5,13.15,0.5352
3.17,5.87,5.87,6,12.74,0.5509
3.15,7.74,1.59,6,14.62,0.5221
3.66,5.76,4.32,2,1.84,0.4689
2.96,3.51,3.85,3,9.85,0.4234
2.35,6.26,3.11,2,2.52,0.2681
3.25,7.2,3.5,1,3.61,0.3836
2.75,1.11,3.28,3,8.94,0.3376
2.85,4.52,3.0,11,16.8,0.4715
2.49,2.47,2.53,3,9.28,0.3705
2.98,5.63,5.0,8,13.35,0.428
2.96,4.79,4.79,3,10.58,0.4364
2.88,6.15,3.3,8,15.51,0.4945
2.47,2.36,2.36,0,0.0,0.0974
2.43,3.01,1.37,2,2.5,0.2013
3.75,7.51,3.38,5,8.53,0.558
2.54,2.54,2.75,5,9.92,0.2057
2.73,3.78,3.3,8,15.27,0.4452
2.19,0.96,0.96,0,0.0,0.0
2.42,2.08,2.08,0,0.0,0.0763
2.48,4.34,2.84,10,19.01,0.3576
2.02,0.1,0.1,0,0.0,0.0
3.47,6.83,2.83,8,16.75,0.5599
3.19,5.84,4.8,8,19.79,0.533
2.94,4.35,2.96,11,21.87,0.5984
3.09,5.77,3.33,8,12.14,0.4931
2.58,5.0,3.04,8,13.83,0.4045
3.68,5.08,2.62,2,6.93,0.4809
2.89,6.35,3.09,7,13.13,0.3769
2.83,4.29,3.48,9,17.75,0.443
2.9,3.83,3.86,2,3.77,0.2738
2.69,3.31,3.93,5,11.89,0.3962
2.42,4.48,2.27,5,5.96,0.2995
3.02,4.09,3.69,4,10.13,0.4126
2.81,5.37,1.78,6,9.97,0.3468
2.96,4.12,2.16,6,15.96,0.3874
2.91,5.74,1.75,5,8.88,0.4219
2.96,4.81,5.23,12,19.46,0.5507
3.4,7.38,4.53,4,7.82,0.5875
2.15,5.18,1.68,10,17.76,0.2325
2.86,4.29,4.29,4,9.58,0.4037
3.17,4.35,3.12,3,7.72,0.4336
2.54,2.86,1.48,2,6.76,0.3196
2.92,4.85,4.91,4,8.85,0.3687
2.68,7.75,3.25,9,19.35,0.4894
3.48,6.95,5.7,6,16.37,0.6094
2.48,4.45,1.45,10,18.88,0.373
2.58,3.33,2.61,9,15.32,0.3319
2.29,4.34,4.17,4,4.1,0.3074
2.67,5.3,1.93,7,18.6,0.4169
2.84,5.87,3.56,5,16.81,0.5296
2.5,4.81,3.62,5,12.35,0.3786
2.79,2.83,3.05,5,7.32,0.3076
2.98,5.82,4.08,3,0.25,0.3603
2.32,3.14,0.93,5,14.55,0.2954
2.87,3.08,3.89,4,14.3,0.3983
2.84,4.4,3.81,10,18.85,0.4764
2.7,2.39,2.48,5,13.49,0.344
2.71,4.84,2.78,2,2.05,0.307
2.45,4.29,2.33,1,3.62,0.2043
2.47,4.27,1.95,2,8.36,0.2504
3.21,5.6,3.5,5,7.07,0.3322
2.81,4.23,5.53,6,13.62,0.4264
2.85,6.52,3.78,8,14.95,0.4442
3.39,6.03,4.27,1,1.68,0.4428
3.48,7.39,7.39,6,15.79,0.679
2.63,3.13,3.13,0,0.0,0.1545
3.75,7.71,5.01,9,19.03,0.6351
3.42,5.3,6.87,7,11.93,0.6235
3.21,4.83,2.91,1,2.32,0.4211
2.8,3.99,3.99,5,8.98,0.3861
3.47,6.51,4.3,8,14.11,0.6462
2.95,4.99,3.54,4,4.48,0.4073
2.13,3.77,1.64,6,20.82,0.359
4.0,7.38,5.14,10,18.77,0.6029
3.08,5.5,3.56,7,18.75,0.5731
3.56,6.33,4.53,10,19.75,0.6475
3.01,5.06,3.78,1,4.67,0.3494
2.86,5.61,4.74,6,15.5,0.4545
3.05,8.29,4.78,8,17.58,0.5971
2.71,4.24,3.05,8,17.22,0.3919
3.17,5.31,1.64,1,4.83,0.2927
2.74,3.64,3.52,4,5.29,0.4145
2.94,5.13,5.54,0,0.27,0.3017
2.99,8.1,4.52,2,6.35,0.4559
3.51,7.9,5.75,4,12.4,0.6519
2.65,4.58,1.14,5,16.26,0.3678
2.61,5.46,1.44,2,1.66,0.3267
3.11,4.22,4.06,3,3.35,0.368
3.13,2.4,3.39,4,13.89,0.3349
2.98,4.15,3.33,2,5.87,0.3518
2.28,3.17,1.08,8,20.76,0.286
3.07,4.95,3.55,10,18.3,0.4945
2.4,4.57,2.4,6,13.01,0.4113
2.7,3.8,2.93,0,0.62,0.1625
2.67,3.35,3.35,0,0.0,0.171
3.21,3.49,3.17,1,0.45,0.2034
3.2,7.45,4.44,5,13.6,0.5413
2.32,2.8,0.35,3,7.0,0.2337
2.24,3.36,1.84,10,21.95,0.2577
3.28,6.55,3.91,2,7.28,0.5736
3.39,4.79,4.52,7,13.24,0.4579
2.51,4.54,3.1,8,12.51,0.2988
2.57,5.34,1.92,3,5.92,0.1816
2.95,3.61,1.58,1,1.28,0.4185
2.74,3.71,3.71,2,8.41,0.3333
3.03,5.52,3.98,3,9.05,0.506
3.18,7.16,3.14,5,13.75,0.562
3.1,4.29,4.03,7,12.92,0.4794
2.79,4.63,3.4,7,11.85,0.4178
3.09,4.28,0.23,1,2.09,0.2295
2.62,3.44,1.99,3,9.72,0.2482
2.64,4.19,2.47,8,21.29,0.4678
3.18,4.98,3.4,11,20.04,0.5099
2.36,2.82,0.83,7,13.64,0.2433
3.04,5.41,3.59,3,4.09,0.3114
2.65,7.87,5.11,6,16.02,0.4931
3.43,5.17,2.93,5,7.49,0.5556
3.12,4.92,4.28,6,17.14,0.3923
3.41,7.04,6.31,2,9.23,0.6474
3.07,4.03,2.88,2,7.05,0.2858
2.75,2.68,4.18,5,13.22,0.3042
2.41,3.75,2.97,6,19.97,0.4221
2.87,7.05,4.54,10,17.64,0.537
3.62,7.07,4.08,13,21.56,0.6883
3.6,7.76,4.04,6,9.76,0.5308
3.12,5.56,4.1,11,18.71,0.5265
2.83,4.16,3.19,6,9.75,0.2974
3.64,7.92,3.49,5,14.09,0.6053
2.94,4.94,2.67,3,1.14,0.3092
3.08,8.35,5.37,1,3.37,0.5178
2.77,5.85,2.69,3,1.78,0.3804
2.91,3.08,2.69,7,20.63,0.3764
2.75,3.33,2.31,6,13.52,0.3055
2.57,6.29,3.23,3,4.75,0.4204
3.0,7.35,5.95,6,10.46,0.5497
2.96,4.66,1.85,3,9.81,0.3569
2.78,4.37,3.92,6,11.99,0.4055
2.8,4.87,1.96,6,15.57,0.4155
2.75,3.73,3.73,2,8.45,0.335
2.97,4.9,4.66,8,14.52,0.4929
3.06,5.29,5.29,6,11.58,0.5021
3.3,6.83,3.74,6,12.65,0.5992
3.12,6.9,3.57,12,21.05,0.5867
2.81,4.92,3.79,3,8.97,0.3426
2.88,4.31,3.23,7,10.98,0.4187
2.71,4.16,2.6,1,1.59,0.3433
3.67,7.75,5.26,3,4.47,0.6736
2.59,4.67,4.77,6,8.81,0.3159
2.69,5.32,4.81,9,15.08,0.4582
2.87,4.86,3.56,10,18.73,0.4381
2.47,3.67,1.42,11,18.79,0.3562
2.84,3.75,2.11,3,8.96,0.2518
2.65,3.48,1.63,7,12.78,0.3616
2.78,3.57,2.37,2,9.12,0.2692
3.38,6.58,3.36,3,10.06,0.4191
2.4,3.34,2.89,11,20.07,0.3543
3.09,6.83,4.54,2,3.39,0.5061
2.95,5.32,2.63,1,3.06,0.2901
3.77,8.84,8.84,7,18.68,0.806
3.29,7.56,4.16,10,17.06,0.6894
3.02,5.36,2.85,1,2.03,0.4356
3.5,5.09,3.3,5,9.19,0.5118
2.53,2.8,2.14,8,13.26,0.2236
2.88,6.83,2.96,6,21.49,0.5499
2.34,1.47,1.25,2,2.57,0.2086
3.69,7.89,4.4,2,2.14,0.6528
2.89,4.95,4.44,5,7.64,0.4926
3.46,5.52,4.49,2,7.08,0.4272
2.16,3.81,1.79,4,10.45,0.2278
2.99,6.44,3.73,7,14.81,0.4673
2.62,3.11,1.32,1,2.22,0.1833
2.32,3.7,2.2,2,9.36,0.2284
3.2,4.73,3.63,6,12.2,0.5071
2.8,4.85,3.22,1,4.31,0.2642
3.57,6.57,3.73,13,21.4,0.6571
2.5,5.7,3.38,6,9.44,0.4239
2.49,3.48,2.83,10,18.09,0.3366
2.46,3.48,2.87,2,0.48,0.2682
3.56,7.22,5.95,13,21.62,0.6906
3.47,6.88,3.24,4,8.28,0.4735
3.29,5.28,4.86,6,10.95,0.4563
2.74,4.34,0.67,6,12.32,0.3881
3.36,3.68,3.56,9,11.73,0.5854
3.32,8.41,5.21,4,14.45,0.5856
2.9,6.1,2.64,4,11.47,0.4257
3.58,7.92,7.92,9,16.83,0.7378
2.33,2.56,2.79,3,0.43,0.2639
2.86,4.51,3.37,6,10.82,0.2532
3.05,5.77,4.58,10,17.16,0.539
3.27,3.91,2.41,2,8.94,0.3272
3.03,5.81,3.63,3,4.66,0.417
3.24,3.62,3.1,4,0.72,0.3232
3.47,6.66,4.03,6,16.42,0.5756
3.18,7.03,5.07,1,1.2,0.3752
2.7,5.26,4.12,7,19.86,0.5328
2.45,2.26,2.26,0,0.0,0.0898
3.16,4.84,3.06,3,5.72,0.405
3.16,7.33,3.54,4,11.06,0.5095
2.78,6.33,3.17,8,13.86,0.4911
2.0,2.58,1.07,9,15.07,0.2407
2.85,6.78,4.31,2,4.3,0.4581
2.9,2.8,0.99,2,4.07,0.2242
3.39,7.95,6.1,12,19.77,0.7275
3.02,4.18,4.93,1,3.33,0.4793
2.94,5.8,3.96,5,11.6,0.503
3.9,9.5,9.5,13,20.0,0.8851
2.22,3.2,1.57,2,1.17,0.1396
3.11,7.41,4.02,10,19.19,0.5779
3.04,4.43,2.99,2,5.01,0.3706
2.65,4.29,1.85,9,17.1,0.411
2.68,3.43,2.8,12,21.22,0.4384
2.82,6.13,4.2,11,18.68,0.4448
3.4,6.99,6.99,4,14.99,0.6312
3.64,8.2,8.2,5,17.39,0.74
2.42,3.13,3.8,7,13.58,0.2851
3.15,3.83,5.85,2,3.01,0.4192
3.58,9.68,6.46,5,12.49,0.7181
2.58,2.89,2.89,0,0.0,0.1364
2.56,3.42,2.95,7,16.58,0.3221
2.75,4.93,1.78,2,6.57,0.319
2.85,4.41,3.09,10,18.21,0.39
3.1,6.44,3.46,7,15.01,0.6121
2.95,4.15,2.84,6,21.61,0.4064
2.9,5.21,4.36,5,16.6,0.5037
3.57,7.49,4.92,9,20.33,0.692
3.83,9.16,9.16,10,19.32,0.8463
3.0,5.66,4.02,1,5.67,0.3239
3.13,6.29,3.78,8,17.3,0.4678
3.51,6.37,4.35,3,9.69,0.533
2.68,3.62,2.48,5,18.41,0.3234
3.44,6.7,3.15,11,21.13,0.6543
2.35,1.74,1.74,0,0.0,0.0508
3.29,3.81,5.1,5,10.83,0.5009
2.95,6.36,2.83,5,8.81,0.4673
2.81,4.14,2.02,5,9.17,0.3396
2.7,3.8,3.91,4,15.32,0.2733
3.07,5.39,4.24,7,20.53,0.5609
3.49,7.12,3.84,8,12.81,0.6146
3.27,6.9,4.13,11,17.93,0.567
3.2,5.99,5.99,8,12.98,0.5716
3.53,5.9,5.36,3,11.29,0.6054
3.28,6.07,3.98,3,10.53,0.4484
2.86,6.05,3.15,7,13.06,0.4688
3.34,4.33,3.65,1,5.58,0.354
2.4,4.69,3.41,5,7.28,0.2937
2.99,4.81,3.89,6,6.69,0.4311
2.72,2.57,2.68,7,16.25,0.3943
2.5,2.48,2.48,0,0.0,0.1064
3.09,4.82,2.97,9,17.15,0.4356
3.23,3.2,2.49,6,10.58,0.4751
3.29,6.45,6.45,8,13.91,0.6104
3.75,8.85,4.96,1,3.09,0.5959
2.22,4.88,2.84,7,21.55,0.3251
3.26,5.7,4.03,3,10.52,0.5306
3.65,8.24,8.24,10,17.47,0.7688
2.59,2.64,3.33,11,19.56,0.3537
3.35,6.46,3.19,7,12.03,0.6167
2.93,4.63,1.8,3,2.42,0.2591
2.56,2.81,2.81,0,0.0,0.1304
2.03,0.16,0.16,0,0.0,0.0
2.84,5.17,2.86,2,8.91,0.3007
3.07,5.33,3.85,10,18.09,0.4728
2.86,3.51,2.1,8,13.13,0.3781
3.26,7.42,3.54,7,14.69,0.5511
2.83,3.18,1.95,1,1.54,0.249
2.45,2.94,1.97,2,1.83,0.2946
2.49,2.94,2.86,7,15.74,0.3781
2.19,2.36,2.22,8,13.02,0.2629
2.47,3.97,1.51,3,5.41,0.2686
2.97,7.68,5.38,4,6.31,0.4735
2.76,4.84,2.56,4,7.54,0.3889
2.71,3.55,3.55,5,8.09,0.349
3.38,7.09,4.8,9,19.59,0.5944
3.36,6.75,3.76,3,4.07,0.4123
2.74,6.06,3.67,4,7.73,0.4195
2.95,4.87,4.47,3,5.35,0.3928
3.33,6.54,5.44,6,8.15,0.5896
3.48,6.24,4.84,9,15.59,0.6547
2.7,4.99,4.28,7,15.08,0.3727
2.63,4.73,2.17,4,14.01,0.305
2.24,1.49,1.94,7,12.95,0.3005
2.81,3.72,2.69,4,6.5,0.3333
2.75,4.03,1.36,7,16.38,0.3828
2.53,2.65,2.65,0,0.0,0.1184
2.46,6.18,1.95,9,17.83,0.4493
2.53,3.77,3.06,5,0.0,0.2122
3.45,4.82,5.35,9,17.95,0.5122
2.0,3.29,1.71,6,9.78,0.2282
2.55,3.72,3.75,6,10.79,0.3508
2.54,2.85,1.27,2,4.23,0.2139
3.09,6.19,3.31,1,3.8,0.2894
3.43,9.23,4.93,4,9.19,0.6377
2.64,2.76,0.83,1,1.04,0.2188
2.51,6.23,2.27,4,11.61,0.3828
2.67,3.76,3.47,7,17.98,0.4415
2.91,3.99,3.14,9,15.67,0.3941
2.93,4.67,4.67,3,10.34,0.4263
2.21,3.14,0.89,1,2.7,0.1197
2.29,5.01,2.26,3,3.73,0.2243
3.08,4.46,2.88,5,13.41,0.4852
3.26,6.29,6.29,7,13.59,0.5919
2.98,4.81,4.86,6,9.12,0.4973
2.97,4.31,2.05,3,10.34,0.3963
2.14,2.14,1.96,6,10.14,0.2592
3.36,5.2,4.26,7,19.26,0.5333
2.28,1.42,1.42,0,0.0,0.0267
2.77,4.55,2.5,3,5.28,0.3956
3.29,5.19,3.84,1,5.68,0.3996
2.41,2.62,1.34,9,19.48,0.2677
2.92,4.61,3.47,5,8.79,0.4267
2.44,4.7,2.06,8,15.38,0.4074
2.65,5.19,1.7,3,6.01,0.3364
2.58,3.67,1.36,5,10.79,0.2457
3.1,7.62,4.43,2,7.13,0.4925
3.52,7.45,4.51,5,17.84,0.6388
2.26,2.94,2.13,2,4.11,0.2176
3.69,7.36,5.02,3,10.41,0.6254
2.87,1.7,2.37,6,11.47,0.2895
2.46,2.28,2.28,0,0.0,0.0913
2.97,5.01,4.49,5,14.96,0.4799
3.2,7.63,4.18,1,4.51,0.4609
2.86,4.67,2.95,7,19.35,0.4963
3.36,5.59,3.19,6,16.55,0.5227
3.58,5.32,4.67,7,19.2,0.5736
3.09,4.54,3.63,9,19.64,0.5121
2.23,5.03,2.78,3,1.97,0.1985
2.1,2.5,1.67,4,8.41,0.2493
2.55,5.31,4.56,8,14.65,0.4777
3.36,6.34,3.93,3,0.35,0.4898
3.4,2.01,4.53,2,1.78,0.4468
2.83,4.65,3.2,1,3.61,0.2424
3.3,6.91,4.29,6,12.42,0.6426
3.43,6.76,5.63,8,12.94,0.6384
3.53,7.07,4.06,3,5.32,0.5586
2.26,1.28,1.28,0,0.0,0.0162
2.89,5.52,3.45,3,9.28,0.3682
3.04,6.87,3.61,1,1.96,0.4152
2.73,4.03,3.01,2,2.95,0.3328
3.31,7.84,3.23,8,17.31,0.6395
3.04,5.58,3.23,3,7.77,0.4183
3.27,7.19,3.93,10,20.06,0.5705
3.0,5.7,2.59,6,12.73,0.4722
2.91,3.79,2.85,2,4.44,0.3199
3.27,6.08,5.07,10,16.64,0.6582
3.26,6.96,3.7,11,16.57,0.5443
2.75,4.38,2.21,3,10.89,0.273
2.66,3.29,3.18,6,19.7,0.3271
3.56,8.44,4.24,3,10.06,0.5085
3.57,5.47,3.75,7,19.35,0.5616
3.18,6.49,5.55,9,19.83,0.6675
2.66,1.92,0.0,9,14.72,0.3486
3.24,8.43,5.24,10,18.14,0.6384
3.39,4.71,4.34,5,0.67,0.4622
2.36,3.75,1.91,2,1.77,0.2064
2.19,3.95,2.79,1,4.61,0.2201
3.79,9.41,6.43,5,11.5,0.7273
3.16,7.27,3.79,4,13.45,0.5316
2.5,4.8,3.25,7,11.35,0.3287
3.71,5.18,4.48,2,8.23,0.6204
2.66,4.47,3.28,11,21.21,0.4689
2.71,3.57,3.57,5,8.13,0.3507
2.99,6.13,4.56,4,10.0,0.5646
2.43,2.4,4.86,13,21.23,0.4154
3.25,6.25,6.25,5,13.51,0.5765
2.41,4.29,4.31,12,20.55,0.3971
2.57,4.11,2.99,5,15.67,0.3695
3.27,6.82,5.51,5,6.8,0.6583
2.78,4.92,2.16,3,5.83,0.3
3.37,7.33,4.12,6,15.52,0.6871
3.61,6.54,5.22,6,15.41,0.6489
2.81,5.19,3.02,5,13.82,0.4986
2.0,2.03,0.97,3,5.12,0.2089
2.85,5.13,2.69,1,2.7,0.3773
3.27,8.52,3.6,6,19.46,0.6248
3.1,4.82,3.04,9,15.59,0.3857
3.12,6.09,3.88,5,12.85,0.5078
2.51,5.96,1.86,2,3.14,0.2616
3.6,6.31,5.18,5,16.04,0.6575
3.61,6.83,4.77,6,12.29,0.7109
3.6,7.64,4.44,2,7.75,0.5692
2.48,4.69,3.78,2,6.44,0.313
3.05,5.73,3.37,8,19.65,0.5435
2.31,2.6,2.31,5,15.39,0.2525
3.31,4.98,4.45,1,1.08,0.4431
2.88,5.62,1.81,3,7.37,0.3206
3.2,6.01,6.01,7,13.02,0.5684
3.28,5.24,3.67,4,10.44,0.4335
3.3,6.99,3.51,3,5.28,0.5474
3.49,5.03,4.32,7,17.88,0.5657
3.16,6.47,4.53,3,9.2,0.5236
3.23,6.79,3.53,9,18.49,0.4738
3.12,5.65,5.48,6,19.03,0.5138
3.13,7.26,3.91,4,12.32,0.4389
2.36,1.78,1.78,0,0.0,0.0538
2.42,1.98,1.42,5,11.19,0.2261
2.69,5.76,2.26,7,19.25,0.5475
2.14,3.65,1.29,10,16.24,0.1967
3.08,4.83,5.71,4,11.0,0.4177
2.8,3.52,2.22,3,8.34,0.3128
3.02,4.58,4.32,11,18.51,0.5485
2.87,4.37,4.37,5,9.74,0.4181
2.98,6.68,3.51,2,1.95,0.3653
2.91,3.24,4.32,8,16.75,0.4783
3.78,9.19,3.83,7,13.9,0.6597
3.26,5.46,2.22,4,6.77,0.3777
3.37,6.26,2.23,9,16.79,0.5163
3.55,9.24,5.82,3,9.51,0.5983
2.73,3.63,3.63,4,8.25,0.3481
3.78,8.7,4.78,2,4.37,0.5604
3.15,5.93,3.21,9,18.05,0.492
2.49,0.98,2.85,11,19.76,0.3025
3.01,5.05,5.05,5,11.1,0.4754
2.79,5.94,4.29,9,19.24,0.4731
2.8,5.58,3.01,4,0.49,0.4041
3.59,6.98,3.64,1,3.41,0.491
2.43,3.67,1.36,5,6.59,0.2348
2.85,4.71,3.0,3,9.89,0.3589
2.31,1.69,0.67,1,3.59,0.2007
3.1,3.15,0.47,5,14.46,0.3348
2.15,3.77,0.0,2,3.04,0.1568
3.58,5.54,4.49,1,1.72,0.4359
3.43,4.45,2.73,3,2.14,0.3937
3.49,6.13,4.86,6,20.83,0.5662
3.86,9.3,9.3,6,19.6,0.8391
3.04,5.47,2.78,7,12.35,0.4612
3.23,5.52,3.07,9,17.73,0.564
3.35,6.17,5.09,4,4.43,0.438
2.45,4.83,2.27,11,19.02,0.3842
3.58,7.17,6.32,1,3.13,0.5829
2.54,2.45,1.26,8,16.0,0.3826
2.24,1.76,2.42,6,10.24,0.2704
3.06,8.9,5.56,5,17.4,0.5598
3.42,7.35,4.24,3,4.07,0.4776
3.12,6.32,3.71,6,19.05,0.5739
3.58,5.58,4.27,1,3.47,0.5038
3.2,4.7,3.84,7,9.49,0.4878
2.42,5.91,2.47,2,8.91,0.3117
3.98,9.9,9.9,7,20.8,0.8953
2.97,5.18,3.95,3,6.01,0.4495
2.0,2.0,3.35,2,2.81,0.1334
3.27,6.19,4.22,11,19.26,0.5494
2.88,4.45,3.55,9,17.65,0.428
2.43,3.46,2.18,2,5.4,0.2577
3.14,5.79,2.76,2,0.58,0.3895
3.23,7.71,5.33,9,16.59,0.6511
2.12,0.6,0.6,0,0.0,0.0
2.76,3.55,2.71,6,16.06,0.4588
3.16,5.49,2.73,3,9.1,0.3659
3.23,4.23,3.47,4,6.12,0.5046
3.67,8.05,5.06,3,6.89,0.6042
2.21,4.4,2.09,8,21.67,0.3228
2.62,4.06,3.46,2,2.01,0.262
3.22,4.86,4.72,1,2.04,0.4767
3.33,7.34,4.18,8,12.73,0.5577
2.15,1.59,1.98,3,4.79,0.1078
2.93,4.02,1.74,5,0.25,0.3277
3.24,4.71,6.14,9,13.99,0.6937
3.01,3.85,5.04,10,16.33,0.5729
2.94,4.76,3.67,2,2.91,0.4485
2.58,2.91,2.91,0,0.0,0.1379
3.31,6.53,6.53,5,14.07,0.6001
2.71,4.43,3.51,6,14.27,0.2964
2.32,2.69,2.61,8,14.29,0.2576
3.46,7.29,7.29,6,15.59,0.6706
2.0,2.18,2.1,5,9.19,0.1892
2.91,5.69,5.0,12,21.28,0.4289
2.73,3.59,3.16,5,15.04,0.3793
2.7,3.49,3.49,0,0.0,0.1815
3.18,8.28,4.36,4,7.27,0.5157
3.64,8.3,5.02,10,17.89,0.6326
2.58,3.09,3.73,5,17.67,0.4617
3.12,6.3,4.26,7,21.04,0.5459
2.99,5.25,2.23,1,1.62,0.2898
2.59,5.26,2.45,10,16.92,0.42
3.06,5.23,2.61,7,13.18,0.4287
2.41,4.25,1.09,4,10.39,0.326
2.18,3.03,1.82,1,1.17,0.0984
3.55,8.04,4.62,5,6.89,0.6323
2.47,3.81,2.68,9,18.19,0.3413
2.29,3.71,2.38,1,2.05,0.2044
3.91,6.87,5.43,9,12.99,0.5503
3.59,5.77,4.58,5,16.04,0.5487
2.62,3.11,2.39,12,19.11,0.3576
2.24,3.18,2.48,7,15.75,0.3019
3.49,5.28,3.44,8,14.73,0.5086
2.87,3.07,1.88,6,9.53,0.2877
3.48,7.56,4.47,1,5.52,0.5128
3.17,5.84,2.6,8,16.85,0.5308
2.55,2.73,2.73,0,0.0,0.1244
2.53,3.03,2.63,5,9.96,0.2803
3.01,5.29,3.03,0,0.4,0.2872
3.79,8.85,6.05,1,5.73,0.5321
2.79,5.15,2.48,4,7.87,0.3766
2.29,4.63,2.58,10,20.86,0.335
2.49,3.55,2.3,2,7.45,0.2953
3.72,8.58,8.58,5,18.15,0.772
2.88,3.13,3.81,2,3.22,0.3269
2.69,3.93,2.66,4,8.3,0.3554
2.51,4.79,2.91,9,20.98,0.4129
2.85,5.24,2.75,12,21.89,0.5694
2.65,5.55,2.67,1,2.23,0.2898
3.06,3.53,2.07,5,10.69,0.3117
2.87,4.35,2.98,6,10.37,0.423
2.85,4.23,4.23,4,9.46,0.3986
3.58,7.31,3.41,3,6.58,0.5881
3.71,7.28,6.34,3,10.71,0.6423
3.03,4.17,1.01,7,18.49,0.4688
3.46,9.48,4.19,4,10.13,0.5599
3.53,7.59,3.07,6,8.33,0.5069
2.47,6.23,2.76,4,8.3,0.4074
2.49,2.46,2.46,0,0.0,0.1049
2.77,5.74,2.79,6,12.91,0.4429
3.32,5.37,5.14,3,5.67,0.4237
3.07,6.94,3.84,5,11.13,0.5037
2.5,3.61,5.0,9,16.71,0.3718
2.67,4.03,2.16,1,2.45,0.2698
2.98,5.66,5.07,10,20.25,0.5093
3.16,5.81,5.01,10,21.64,0.6031
2.75,5.11,3.45,4,6.96,0.4043
2.88,3.0,2.88,5,8.0,0.4177
2.51,3.34,0.21,5,7.32,0.2745
2.52,4.0,2.5,7,11.57,0.4275
3.49,7.45,7.45,11,15.91,0.7067
2.32,2.3,2.98,3,2.72,0.252
2.5,5.19,2.57,3,7.02,0.2761
3.08,4.28,2.4,3,7.74,0.377
3.0,4.24,3.79,6,11.02,0.436
3.19,7.35,4.51,6,11.16,0.5085
2.39,3.96,1.82,4,11.42,0.3073
2.29,1.46,1.46,0,0.0,0.0297
2.54,4.94,1.69,3,5.21,0.3401
2.46,1.98,0.54,9,17.99,0.2297
2.83,4.13,4.13,2,9.26,0.3687
3.06,5.84,3.57,5,0.17,0.4164
3.47,7.61,3.4,4,7.79,0.6078
3.11,5.23,2.9,7,9.94,0.4988
2.36,3.69,3.33,4,11.51,0.2874
3.14,6.01,4.45,9,16.31,0.498
2.97,7.01,4.22,8,11.57,0.4549
3.23,6.43,4.78,6,7.83,0.6302
2.99,5.41,3.19,10,17.56,0.4876
2.44,3.19,2.04,12,20.72,0.4505
2.59,4.11,3.34,7,15.7,0.4198
2.92,2.96,2.3,10,21.19,0.4828
3.12,8.6,4.01,5,12.56,0.5952
2.44,4.95,3.37,12,21.86,0.429
2.76,6.09,3.13,4,13.43,0.4466
2.63,4.47,1.68,9,17.03,0.3884
2.63,2.82,4.76,6,14.38,0.3903
3.27,7.33,4.21,2,3.89,0.527
2.67,5.46,2.65,9,13.65,0.5058
2.97,3.05,3.25,2,2.44,0.2339
3.49,6.21,3.72,4,5.91,0.5007
2.93,5.86,3.79,4,6.29,0.3616
3.29,6.18,3.6,7,11.78,0.5175
3.18,3.67,4.02,9,15.7,0.4603
3.6,8.03,3.18,10,19.1,0.7138
2.21,3.77,3.42,4,5.89,0.2244
3.34,5.54,2.7,1,2.58,0.3775
3.25,8.16,5.26,5,8.64,0.6621
3.08,5.53,2.78,5,14.72,0.5206
3.19,6.13,4.56,9,13.92,0.5996
2.76,4.3,3.03,4,6.98,0.3353
3.02,3.67,3.08,8,16.22,0.4298
3.28,6.81,4.61,1,2.1,0.5023
2.64,3.76,3.35,4,8.85,0.3349
2.96,7.29,5.42,9,17.41,0.6492
2.38,2.7,0.89,1,2.36,0.1547
2.76,7.8,5.56,5,8.83,0.615
2.75,3.16,3.03,3,3.81,0.2951
2.98,5.41,3.19,5,14.76,0.4873
3.39,8.56,5.41,3,9.92,0.6298
2.8,5.85,2.68,11,19.34,0.5024
3.59,7.86,5.21,5,0.47,0.5614
3.91,7.86,3.9,3,3.94,0.5673
2.62,5.58,3.73,5,12.01,0.4345
3.49,6.38,3.59,0,0.2,0.3593
3.45,6.98,3.81,3,7.33,0.5603
3.03,5.13,5.13,6,11.26,0.4886
2.46,4.2,2.26,7,19.36,0.3067
2.2,1.0,1.0,0,0.0,0.0
3.02,5.11,5.11,7,11.22,0.4925
3.22,7.13,3.33,10,21.09,0.5513
2.97,6.23,2.04,2,3.81,0.3535
2.83,2.42,1.43,3,0.07,0.334
2.06,0.3,0.3,0,0.0,0.0
3.25,8.21,3.55,5,10.31,0.4993
3.1,6.0,1.72,7,13.65,0.5102
2.35,2.26,2.28,2,1.99,0.2081
2.72,7.4,4.1,2,7.99,0.4213
3.12,4.12,3.33,10,18.97,0.4852
3.4,5.26,3.83,1,0.76,0.367
3.31,4.69,2.5,8,20.53,0.4854
3.19,6.09,2.03,3,10.31,0.4386
2.37,2.07,1.64,2,8.97,0.1895
2.55,4.59,4.01,8,19.01,0.4582
2.73,5.9,1.38,3,10.44,0.3261
3.2,4.49,4.78,5,10.93,0.4619
2.4,3.75,3.12,2,8.15,0.2512
2.79,5.32,3.05,5,9.24,0.3464
2.31,3.08,1.91,9,19.03,0.2987
3.35,8.01,4.32,9,18.08,0.5642
3.13,7.68,3.87,4,8.09,0.4376
2.71,5.47,3.09,2,8.01,0.3949
2.99,5.3,2.15,4,10.69,0.3924
3.11,4.53,3.87,2,2.2,0.407
2.98,4.89,4.89,7,10.78,0.474
3.26,7.95,5.61,11,20.21,0.5294
2.3,1.74,1.55,8,16.42,0.3293
3.13,5.98,2.59,4,5.69,0.3966
3.05,5.03,3.64,2,2.44,0.3476
2.32,1.58,1.58,0,0.0,0.0387
3.67,10.0,5.61,7,21.81,0.8251
2.49,4.99,1.34,2,2.2,0.2743
2.48,4.52,4.11,5,8.85,0.3346
2.34,3.5,2.67,7,13.78,0.3859
2.84,5.57,3.23,6,20.3,0.4909
3.84,9.2,9.2,9,19.4,0.8457
2.61,5.71,3.11,6,19.42,0.4588
3.35,6.73,6.73,8,14.47,0.634
2.95,3.41,3.3,4,13.11,0.3747
2.44,1.87,2.84,2,3.57,0.2331
2.87,3.51,3.85,8,15.26,0.3656
2.29,3.44,2.5,5,15.29,0.251
2.93,3.08,2.58,9,13.35,0.4091
3.06,5.27,2.14,1,1.64,0.3745
3.32,5.14,4.98,3,6.79,0.4843
3.15,8.37,4.46,2,4.86,0.4715
3.58,6.46,3.29,5,8.76,0.5909
2.23,3.11,1.46,11,21.85,0.44
2.8,2.66,2.13,4,13.5,0.3615
2.8,6.46,4.47,0,0.65,0.2665
3.82,7.09,3.64,2,4.12,0.5079
3.28,4.47,2.42,4,11.55,0.4287
3.24,7.31,5.43,4,9.21,0.5964
3.05,6.27,3.02,4,9.79,0.3841
3.4,7.71,4.28,7,19.3,0.7128
3.19,7.77,5.04,5,16.23,0.5371
3.84,6.99,5.24,6,9.85,0.6548
3.36,5.37,3.98,8,21.13,0.5598
3.17,5.64,2.58,9,19.77,0.5897
3.14,6.46,3.19,6,12.24,0.4394
2.92,5.95,4.2,0,0.15,0.2666
2.98,5.03,2.96,7,20.05,0.4426
2.68,4.96,2.37,1,0.59,0.1924
2.82,4.07,2.38,1,1.29,0.2914
3.59,8.18,4.08,3,1.4,0.5993
3.29,7.23,3.85,3,2.96,0.4231
3.59,4.85,2.65,7,15.21,0.6041
2.49,4.82,1.73,5,0.4,0.2362
3.81,6.93,5.75,5,13.98,0.6933
2.79,3.93,2.2,5,13.19,0.3081
2.04,0.18,0.18,0,0.0,0.0
2.59,3.31,0.59,2,2.89,0.2419
2.26,3.32,0.91,3,9.42,0.175
2.27,2.54,1.73,5,16.2,0.2959
3.16,4.89,3.98,1,2.61,0.3075
3.33,6.82,4.97,9,22.0,0.6379
3.45,7.48,4.23,11,19.14,0.5916
2.9,6.74,2.5,5,8.39,0.4018
3.81,8.1,5.58,1,0.48,0.5805
3.51,8.87,5.34,3,10.64,0.7367
3.7,4.5,3.02,8,13.45,0.565
3.14,6.33,3.14,7,18.02,0.5559
3.08,5.26,2.96,1,2.65,0.3619
3.28,7.03,3.43,3,9.69,0.5249
3.16,6.25,3.85,6,19.24,0.5558
3.2,4.3,4.1,4,12.16,0.4488
2.99,4.42,3.09,6,14.27,0.4867
2.6,6.69,3.91,1,4.35,0.4204
3.11,5.79,3.81,7,16.6,0.5336
2.76,3.72,2.39,6,13.87,0.4096
2.84,5.91,3.44,5,10.97,0.4847
3.17,5.31,0.93,7,14.13,0.4881
3.36,8.73,5.69,3,7.06,0.6167
3.75,8.74,8.74,12,18.47,0.8179
2.89,4.67,2.26,3,9.31,0.3601
2.65,3.01,1.92,5,6.04,0.2657
3.12,5.61,5.61,6,12.22,0.529
2.79,4.36,3.27,3,7.08,0.2513
2.29,1.44,1.44,0,0.0,0.0282
3.69,9.25,6.09,4,12.18,0.6176
3.34,7.77,4.11,6,17.53,0.6936
3.09,6.52,2.44,7,16.86,0.4682
2.37,3.99,1.66,7,13.28,0.2886
2.53,4.45,2.44,8,20.37,0.4141
3.16,7.55,4.25,8,17.99,0.5885
2.16,6.03,2.38,7,21.15,0.3398
3.65,7.71,5.68,11,20.98,0.664
3.42,7.11,7.11,5,15.23,0.649
3.31,6.78,6.13,11,21.31,0.6324
2.84,3.95,2.64,4,7.15,0.4019
3.88,7.43,5.79,3,3.88,0.6187
2.22,3.85,3.16,5,13.6,0.2893
3.12,6.87,2.89,9,18.15,0.6496
3.44,8.29,4.36,5,9.27,0.6195
3.47,6.58,5.18,7,17.51,0.6076
3.61,6.11,4.62,7,18.01,0.5729
3.37,7.34,3.78,2,8.86,0.4443
3.03,3.44,4.06,7,14.24,0.4235
3.21,5.89,6.24,2,3.78,0.4243
3.25,6.25,4.4,10,17.38,0.5561
2.72,4.53,3.02,7,15.45,0.525
3.21,6.72,4.74,9,17.81,0.6455
2.53,4.16,3.48,9,19.14,0.3503
2.6,4.58,2.69,8,19.61,0.4202
3.0,6.49,5.59,9,16.96,0.4358
3.43,7.78,3.27,10,19.7,0.6328
2.75,4.38,2.87,1,3.51,0.2794
3.76,8.82,8.82,8,18.64,0.8092
3.52,8.83,3.18,4,7.49,0.5916
2.73,3.91,3.36,1,4.1,0.3097
3.05,7.81,5.05,5,7.07,0.5115
3.02,4.9,1.97,1,2.87,0.2968
2.99,8.1,4.66,6,17.72,0.6278
3.27,7.57,3.92,6,11.16,0.4751
2.44,3.71,2.49,2,0.19,0.1954
3.02,4.93,3.45,7,19.95,0.4226
4.0,9.98,9.98,10,20.96,0.9154
3.65,8.36,5.89,2,3.55,0.5814
2.76,4.28,2.89,5,16.08,0.4316
3.78,5.9,4.71,11,19.14,0.6463
3.25,7.38,4.65,4,10.23,0.561
3.03,6.61,2.59,7,12.82,0.4334
3.52,6.98,4.37,4,7.5,0.5547
2.67,5.11,2.25,2,2.8,0.2018
2.93,2.79,2.43,4,0.09,0.3072
2.67,3.33,3.33,0,0.0,0.1695
2.89,5.93,2.92,4,5.87,0.3764
2.82,7.3,4.07,1,4.49,0.403
2.9,6.07,3.66,3,8.88,0.4417
2.93,4.57,1.55,8,11.75,0.3042
3.28,7.43,2.26,3,9.66,0.4958
3.29,5.77,4.55,4,7.23,0.5477
3.24,7.53,3.26,9,18.1,0.5961
3.17,5.48,3.86,5,10.04,0.4237
2.86,4.1,1.85,11,19.09,0.3594
3.32,6.85,4.34,7,17.9,0.6243
2.43,2.14,2.14,0,0.0,0.0808
3.21,6.15,6.51,8,15.82,0.501
2.55,4.43,3.02,10,18.24,0.3372
2.27,1.34,1.34,0,0.0,0.0207
2.3,0.55,1.75,1,1.11,0.1248
2.36,3.43,2.88,0,0.06,0.2318
2.88,4.75,4.16,4,6.87,0.4782
2.19,3.67,3.46,6,16.65,0.3475
2.87,9.19,3.75,2,2.67,0.4998
2.61,4.13,3.85,4,0.74,0.367
3.85,9.24,9.24,6,19.48,0.8341
2.75,2.77,2.77,11,19.14,0.3647
2.94,6.83,2.71,6,21.55,0.5576
2.72,3.61,3.61,3,8.21,0.337
3.46,7.14,5.06,9,14.35,0.6491
3.08,6.66,3.03,10,18.15,0.5549
2.07,4.01,2.08,6,15.35,0.3837
3.83,9.14,9.14,11,19.28,0.8483
2.49,2.95,2.49,7,13.45,0.3036
2.94,4.34,3.76,1,1.18,0.3264
3.67,5.71,5.73,5,11.05,0.6318
2.82,4.82,2.11,10,19.02,0.4199
3.61,4.69,3.61,9,19.88,0.5432
3.48,4.11,5.22,1,2.75,0.4305
2.72,3.59,3.59,5,8.17,0.3524
2.44,3.23,2.04,3,8.77,0.1985
2.61,4.06,2.9,3,10.57,0.3749
2.81,4.22,1.87,1,2.96,0.2529
3.01,4.4,4.15,5,16.53,0.4058
2.67,3.5,2.34,3,11.62,0.3375
3.12,6.35,6.23,7,12.06,0.5815
2.51,4.17,2.57,8,17.41,0.436
3.64,6.98,5.77,1,5.0,0.5744
2.91,3.58,3.03,9,21.04,0.3934
3.9,7.41,4.71,7,11.3,0.6915
3.18,7.18,2.14,10,18.21,0.5648
2.01,5.21,3.8,3,7.61,0.2751
2.85,8.3,3.93,7,13.49,0.5634
3.09,7.35,2.82,9,16.42,0.6331
3.42,6.78,5.57,7,11.43,0.6095
2.48,3.38,1.7,12,21.11,0.4276
2.68,3.02,1.91,4,5.64,0.2365
2.86,5.2,4.09,3,9.01,0.4307
3.23,5.17,4.78,4,10.28,0.4741
3.3,7.71,1.83,1,3.98,0.5058
2.3,2.24,2.65,5,9.9,0.21
2.29,3.32,1.46,6,16.34,0.3322
2.43,5.69,1.83,7,11.23,0.369
2.88,4.41,4.41,5,9.82,0.4215
2.61,2.94,1.93,11,21.22,0.3879
3.3,4.72,3.51,1,5.27,0.4223
3.1,3.58,5.08,10,16.54,0.5388
2.12,5.32,1.59,5,14.87,0.3273
3.46,5.1,2.94,5,14.1,0.4548
2.38,3.77,1.54,1,3.64,0.1472
2.62,5.04,3.92,7,10.6,0.4377
3.85,8.3,5.46,3,3.4,0.6187
3.82,6.39,4.51,2,2.33,0.528
3.37,4.97,4.53,1,5.82,0.4807
2.51,2.6,1.15,7,10.34,0.2106
3.08,4.92,4.42,7,9.7,0.5916
3.04,4.81,3.04,2,0.34,0.2761
3.25,4.77,4.12,8,17.75,0.6138
3.55,7.74,7.74,9,16.47,0.7227
2.53,5.16,2.21,2,5.6,0.3626
3.74,6.04,4.24,10,17.03,0.5616
2.65,4.08,1.33,4,8.16,0.2809
2.38,3.58,2.27,1,5.26,0.1409
3.47,6.88,4.45,9,17.5,0.6886
2.95,5.77,2.87,1,5.92,0.4055
2.84,3.58,1.67,1,5.24,0.2616
3.21,7.06,4.51,11,17.57,0.5076
3.29,5.69,5.29,5,15.48,0.5595
3.32,8.95,5.29,9,17.0,0.7276
2.89,5.37,3.4,7,19.83,0.5033
2.08,3.25,1.6,5,11.05,0.2328
3.08,7.11,3.75,1,4.22,0.4895
3.32,5.38,4.62,7,12.34,0.6142
3.49,8.81,4.73,9,18.39,0.6539
3.68,4.72,5.19,8,15.23,0.5462
2.64,5.5,3.01,4,8.62,0.3421
3.01,5.73,2.03,8,21.08,0.5182
3.31,4.21,5.5,3,0.08,0.4856
3.23,7.93,4.92,8,14.15,0.6209
2.77,5.07,2.82,2,3.52,0.285
3.17,7.36,4.24,5,8.63,0.5648
3.25,5.43,3.71,5,12.82,0.5677
2.85,6.05,3.21,3,4.84,0.4052
3.05,4.14,4.06,7,19.02,0.3974
2.17,1.4,2.36,3,10.64,0.2445
3.48,7.0,5.93,2,8.94,0.5564
2.41,3.16,2.66,6,11.13,0.2785
2.23,1.14,1.14,0,0.0,0.0057
3.29,6.23,3.28,10,21.49,0.6171
2.97,5.04,3.91,4,10.16,0.4134
3.13,7.1,3.0,5,10.0,0.5637
2.15,3.58,2.17,8,13.47,0.3143
2.5,1.26,1.76,7,14.41,0.3374
2.19,2.61,2.01,6,10.85,0.3302
3.63,8.24,4.29,6,11.43,0.6647
3.11,8.39,4.78,3,9.78,0.698
2.9,3.99,1.85,2,3.23,0.3287
2.55,4.56,2.29,5,11.19,0.3935
3.09,6.26,3.9,2,7.02,0.4048
2.73,5.07,4.04,2,5.42,0.4492
2.59,4.73,3.71,13,21.98,0.4922
3.91,9.56,9.56,10,20.12,0.88
2.68,6.2,5.4,11,18.43,0.532
3.34,6.71,6.71,5,14.43,0.6152
3.73,5.03,4.85,5,13.13,0.5646
3.0,4.23,4.27,2,1.7,0.3678
2.7,4.03,3.2,6,18.14,0.4567
2.63,3.28,2.6,2,4.46,0.3158
3.75,6.56,4.15,9,13.73,0.7407
2.43,5.3,2.79,2,1.23,0.3455
3.57,6.69,3.89,10,20.9,0.6967
3.59,6.12,2.65,11,21.58,0.6597
3.12,6.07,4.78,6,19.4,0.5202
3.52,6.97,4.06,1,4.3,0.4581
2.58,5.25,3.74,5,7.54,0.3801
2.39,4.65,1.33,2,2.75,0.2833
3.05,5.17,3.75,2,4.77,0.3833
2.9,5.33,2.49,10,20.5,0.5142
2.1,0.52,0.52,0,0.0,0.0
3.82,5.26,5.37,3,4.16,0.6266
3.55,7.76,7.76,6,16.51,0.7094
3.25,7.47,4.66,6,20.83,0.6143
2.51,5.11,2.49,10,17.46,0.3778
2.76,5.41,3.06,2,3.53,0.3415
2.79,4.64,4.66,12,19.1,0.4275
3.56,6.64,5.37,6,11.31,0.5584
3.43,6.35,3.87,7,11.96,0.6255
2.7,2.88,1.54,3,6.71,0.305
3.48,6.77,5.43,4,6.37,0.5184
3.38,8.29,2.89,1,2.72,0.3664
3.38,3.0,3.09,3,5.53,0.3705
2.12,4.45,2.03,1,2.29,0.1975
3.36,5.0,3.71,6,18.65,0.5557
2.41,4.76,0.21,11,18.61,0.3151
2.79,5.18,2.66,6,12.03,0.4117
3.15,6.33,2.49,6,16.17,0.5244
2.65,5.19,4.78,11,17.69,0.5437
3.0,3.68,3.61,8,16.87,0.453
3.65,9.12,7.25,2,7.57,0.6914
2.99,6.74,2.83,10,18.49,0.5122
3.4,6.75,3.84,2,5.97,0.4926
3.17,5.85,5.85,5,12.7,0.5428
3.06,4.09,2.14,5,0.55,0.3242
2.76,4.14,3.43,2,2.7,0.3028
2.56,3.9,3.45,1,5.62,0.2748
3.3,5.83,3.05,4,10.32,0.4443
2.6,4.55,3.37,6,13.2,0.3714
2.91,7.42,4.97,7,18.2,0.5456
2.74,3.23,3.42,3,5.13,0.2454
2.22,1.1,1.1,0,0.0,0.0027
2.06,0.32,0.32,0,0.0,0.0
2.26,3.68,2.07,10,19.84,0.3735
2.52,3.94,3.37,8,17.1,0.3657
3.45,7.54,3.93,7,14.58,0.6582
3.41,6.56,3.29,4,13.7,0.4845
2.04,0.03,1.71,9,14.11,0.1479
2.5,6.95,3.77,6,19.67,0.4895
2.89,4.12,3.28,7,12.89,0.5388
2.65,5.25,3.61,11,20.78,0.4995
2.35,2.4,1.8,9,16.81,0.3164
2.79,4.42,2.57,5,6.43,0.2498
3.57,8.84,3.99,7,10.38,0.6278
2.91,4.53,4.53,3,10.06,0.4145
3.19,6.56,2.18,2,8.85,0.3437
2.28,2.22,1.47,11,21.95,0.2863
3.31,5.03,5.2,1,3.57,0.4269
2.66,5.18,3.72,7,16.33,0.4772
3.12,7.28,5.01,11,19.26,0.5989
2.56,4.7,1.56,5,8.26,0.3233
3.66,9.64,3.08,2,3.92,0.585
2.92,4.75,2.65,1,4.03,0.3418
3.03,7.38,4.42,6,17.41,0.5393
3.22,5.76,3.5,3,12.34,0.4356
2.41,4.17,0.57,4,15.18,0.2973
3.14,5.8,3.96,5,16.21,0.5
3.88,9.42,9.42,6,19.84,0.8492
3.31,7.18,5.97,6,12.06,0.6576
2.61,6.83,2.43,7,15.07,0.4789
3.28,5.53,3.57,2,0.04,0.3928
3.72,6.44,5.18,9,13.15,0.6301
2.31,4.3,1.87,4,7.82,0.2688
3.56,9.68,4.62,7,21.09,0.735
3.66,7.03,4.35,8,13.29,0.5749
2.42,2.88,2.21,6,17.99,0.4452
3.57,8.16,5.81,3,0.16,0.4888
2.59,5.58,1.95,5,17.56,0.4514
2.78,7.02,4.15,6,13.32,0.5472
3.36,5.96,3.06,1,2.45,0.4741
2.89,4.42,3.7,10,20.73,0.5262
2.96,4.26,3.74,5,10.17,0.4551
3.85,8.72,6.43,11,19.56,0.8269
3.6,7.44,4.1,5,15.18,0.5879
2.66,3.42,2.56,12,20.7,0.452
2.45,2.24,2.24,0,0.0,0.0883
3.65,9.54,4.53,1,4.21,0.5557
2.28,3.52,1.68,5,9.91,0.2738
2.53,3.81,1.61,2,2.22,0.2184
2.75,3.06,3.4,7,9.42,0.3965
2.24,4.6,3.27,8,14.65,0.3658
3.12,4.39,2.51,3,8.95,0.298
4.0,9.21,5.14,2,7.09,0.6927
3.53,10.0,4.49,8,14.6,0.7104
3.19,4.3,4.3,4,13.23,0.4492
3.0,5.74,3.81,9,14.15,0.6006
3.31,6.48,3.2,1,4.76,0.3752
3.36,6.78,2.92,3,5.84,0.5207
3.08,4.93,3.44,6,13.86,0.4332
2.41,3.35,1.91,2,2.91,0.2263
3.29,5.89,4.0,3,6.43,0.4607
3.19,5.84,3.05,4,14.32,0.4727
3.68,5.67,4.53,3,5.04,0.4723
2.95,7.39,3.82,6,9.6,0.4433
3.13,3.93,3.97,5,17.31,0.4387
2.38,5.22,4.38,4,10.07,0.2625
2.54,2.71,2.71,0,0.0,0.1229
3.03,5.55,4.51,5,15.12,0.5778
2.9,4.27,2.82,2,7.18,0.356
2.04,0.2,0.2,0,0.0,0.0
3.99,9.94,9.94,6,20.88,0.893
2.91,3.82,3.32,5,15.61,0.3592
3.25,5.61,2.91,2,4.56,0.4592
3.33,5.8,3.37,1,1.42,0.3904
3.2,6.97,2.77,3,12.0,0.4927
2.27,2.23,2.73,4,10.04,0.2624
2.57,3.22,2.95,7,21.36,0.443
2.56,3.97,3.49,4,8.72,0.3729
2.76,4.81,2.6,9,16.54,0.3881
2.73,4.28,3.36,1,0.78,0.2521
2.47,4.05,3.67,8,18.02,0.399
2.69,2.99,2.79,5,17.32,0.3674
3.97,9.86,9.86,10,20.72,0.9053
2.62,2.04,3.02,10,18.81,0.3778
2.24,0.36,2.15,4,12.42,0.1802
2.61,3.04,1.9,2,0.47,0.1711
3.06,4.71,3.97,2,6.33,0.4633
2.78,3.77,2.7,12,21.09,0.4578
2.59,5.13,1.03,11,20.4,0.333
2.33,3.7,2.97,6,16.49,0.2879
3.04,4.74,3.48,2,4.65,0.3923
2.97,4.87,4.87,3,10.74,0.4432
3.13,5.81,3.16,11,20.19,0.4851
2.18,2.89,0.18,2,4.54,0.1593
2.88,4.56,3.84,5,13.63,0.4925
2.82,3.83,2.28,5,9.16,0.4086
3.04,5.83,2.08,4,15.48,0.4241
4.0,7.69,4.8,8,11.89,0.6604
4.0,8.48,6.19,8,20.0,0.7485
2.64,3.41,4.02,8,21.47,0.4069
2.53,4.06,1.32,6,9.96,0.2371
2.58,3.58,2.82,2,6.66,0.2971
2.55,3.19,2.83,11,17.5,0.3324
3.79,8.31,6.48,7,11.06,0.7448
2.86,3.89,4.24,7,19.96,0.5418
3.11,7.91,6.47,2,7.33,0.5758
3.08,6.22,3.69,11,18.6,0.5738
3.3,7.77,6.66,2,7.62,0.5757
2.2,4.77,2.15,7,14.54,0.3675
3.18,5.43,4.5,2,2.96,0.5012
3.5,7.52,7.52,8,16.03,0.6997
2.57,5.63,2.24,6,16.95,0.35
2.74,4.5,3.68,7,12.54,0.4114
2.88,5.15,4.28,8,18.77,0.5061
3.54,7.69,3.21,1,5.01,0.5822
3.68,6.52,3.8,3,4.79,0.508
2.26,3.66,2.52,6,10.81,0.2496
2.76,5.93,1.05,4,9.15,0.34
2.81,2.7,1.89,7,9.48,0.3146
3.59,6.63,4.62,8,15.78,0.6383
3.0,5.46,3.76,13,20.59,0.4697
2.83,6.04,2.3,5,12.78,0.4132
2.75,5.89,3.81,5,10.64,0.3785
3.17,5.86,3.14,9,15.93,0.5833
3.69,8.66,4.57,4,5.75,0.6599
3.33,4.52,2.14,3,4.67,0.4145
3.94,9.68,9.68,7,20.36,0.8767
2.82,4.6,2.61,9,18.14,0.4599
3.0,6.76,4.77,2,5.57,0.4295
2.56,3.4,1.67,1,2.96,0.3056
3.93,9.64,9.64,10,20.28,0.8868
2.48,5.63,4.13,5,9.3,0.3953
2.97,3.49,3.01,7,11.74,0.361
3.6,8.37,4.27,4,12.73,0.7123
3.28,7.67,3.45,5,9.55,0.5124
3.3,6.2,2.53,4,10.09,0.4422
2.81,4.96,2.86,2,2.89,0.3724
2.54,3.46,1.86,6,15.18,0.3761
2.45,5.45,3.26,4,6.31,0.3654
2.98,3.41,3.64,11,20.64,0.3912
3.53,8.99,4.52,7,21.83,0.6682
2.12,4.59,1.19,9,14.98,0.2472
3.03,5.56,3.74,1,2.1,0.3331
2.64,4.73,3.55,1,4.9,0.4013
2.79,3.86,1.16,3,8.73,0.1893
2.61,3.99,0.06,4,15.34,0.2965
3.75,7.45,5.58,7,15.96,0.6569
2.29,2.73,0.18,8,21.9,0.2885
2.53,5.14,2.64,3,4.22,0.2833
3.18,4.49,3.57,5,9.03,0.3437
3.84,4.9,4.46,9,19.55,0.5863
2.08,0.42,0.42,0,0.0,0.0
3.62,4.41,5.11,5,12.27,0.6142
2.75,3.38,3.6,3,8.21,0.393
3.06,3.4,3.07,4,13.73,0.3633
3.0,7.31,4.1,7,15.77,0.5318
3.34,6.22,5.43,8,20.12,0.576
2.47,2.34,2.34,0,0.0,0.0959
3.49,10.0,3.9,3,5.45,0.5345
2.58,3.27,2.89,5,12.75,0.3548
3.31,5.87,4.44,7,15.85,0.5719
2.57,2.53,2.64,5,6.67,0.3072
3.2,2.7,2.94,2,2.7,0.3469
3.66,7.47,5.04,3,10.3,0.5908
2.84,4.19,4.19,3,9.38,0.3859
3.21,7.12,4.21,10,19.49,0.6251
3.0,5.01,5.01,4,11.02,0.4643
2.66,3.53,2.17,5,14.14,0.3018
3.53,7.66,7.66,10,16.31,0.7199
3.05,5.41,2.91,7,21.46,0.5559
3.14,7.07,4.31,3,10.64,0.4834
3.05,3.84,1.82,3,7.64,0.3232
2.64,5.64,3.79,5,12.2,0.4001
3.3,7.73,4.38,2,1.04,0.5421
2.95,4.77,1.94,7,12.08,0.4562
2.72,3.21,3.06,4,8.45,0.3755
3.44,5.4,2.76,4,6.86,0.4376
3.05,6.02,4.39,8,12.58,0.5973
3.12,2.38,2.4,2,7.18,0.3395
3.34,4.44,3.04,11,20.3,0.5634
3.29,6.63,4.78,9,15.91,0.5433
3.0,2.4,1.52,7,16.95,0.3953
3.12,4.55,3.01,10,16.36,0.4556
2.7,4.68,2.71,4,7.48,0.437
2.98,4.2,2.72,5,8.63,0.3742
2.84,3.53,1.64,1,1.71,0.2526
2.87,5.74,2.56,2,0.32,0.3476
3.26,5.64,3.99,6,10.73,0.5437
3.52,4.5,2.96,8,21.4,0.4564
2.8,2.89,1.68,5,8.46,0.2362
3.07,3.43,4.68,5,12.9,0.3987
2.69,5.12,3.13,9,16.47,0.477
2.62,3.9,4.17,4,8.71,0.3077
3.33,6.93,4.95,7,13.29,0.548
3.06,4.61,4.94,2,0.46,0.3155
2.88,3.12,1.74,3,3.6,0.2925
3.32,3.2,3.41,2,3.88,0.3942
3.97,9.84,9.84,8,20.68,0.8952
3.28,8.13,5.5,5,16.01,0.6949
2.55,3.46,3.87,7,17.16,0.3786
2.69,3.43,3.43,0,0.0,0.177
3.5,7.02,4.98,9,18.86,0.6952
3.44,6.43,5.21,10,20.44,0.6455
2.94,6.29,3.83,8,13.39,0.5887
3.18,6.74,5.09,5,8.13,0.5786
2.53,7.84,3.42,11,19.32,0.4839
3.58,7.17,4.3,2,2.68,0.5959
3.36,4.81,3.73,2,4.27,0.4703
3.26,7.76,5.16,11,20.83,0.6474
2.96,6.63,4.25,2,8.14,0.3883
3.59,5.98,4.44,6,9.94,0.5696
3.41,7.45,3.69,7,17.93,0.5688
3.09,7.2,3.52,3,6.45,0.4319
3.06,4.8,3.56,9,16.79,0.5367
2.54,2.82,1.07,10,19.25,0.2522
2.87,5.64,4.28,5,11.08,0.3989
2.53,2.63,2.62,7,21.21,0.3495
2.74,5.05,3.55,8,19.47,0.4274
2.78,5.72,2.61,7,19.59,0.4796
2.89,7.66,4.52,8,13.4,0.4775
2.77,5.58,5.22,5,14.62,0.4296
2.48,3.19,2.26,3,5.44,0.3262
3.77,6.44,5.95,5,16.85,0.7449
2.96,4.84,2.05,7,17.15,0.3897
3.51,6.08,3.14,10,15.87,0.591
2.7,5.43,2.77,2,4.2,0.2942
2.64,7.35,4.2,9,16.6,0.5312
3.11,5.51,3.35,7,12.49,0.4046
3.07,5.92,4.31,4,13.67,0.555
2.6,6.12,2.1,6,12.03,0.4077
4.0,8.96,6.58,6,13.87,0.8262
2.25,2.14,2.16,7,17.57,0.318
3.13,4.51,2.07,1,3.61,0.3315
2.81,4.0,3.4,4,6.63,0.3714
3.73,6.44,5.24,1,4.94,0.4883
3.44,5.99,5.41,2,4.27,0.4521
3.49,7.52,3.67,7,15.47,0.6431
2.88,4.29,2.95,3,10.98,0.3435
2.97,2.41,1.76,1,1.72,0.2681
3.36,6.56,2.32,7,14.96,0.5527
2.75,3.75,3.75,5,8.49,0.3658
3.43,4.6,4.03,4,13.66,0.4969
3.03,4.58,2.93,7,11.24,0.3827
2.95,4.89,5.05,9,14.39,0.5051
2.98,4.02,3.47,7,10.21,0.3779
3.71,8.25,5.38,7,20.62,0.7156
2.77,6.31,2.88,6,14.35,0.4421
3.19,5.92,4.77,7,16.22,0.5325
2.08,0.4,0.4,0,0.0,0.0
2.81,4.06,1.54,8,16.09,0.3099
2.59,4.67,2.2,10,21.1,0.4612
2.97,5.12,4.15,6,19.1,0.5532
3.11,5.51,3.12,5,0.85,0.3906
2.0,1.95,3.34,3,8.56,0.1618
2.3,3.44,2.0,2,1.55,0.2171
3.2,5.1,2.93,9,21.25,0.5612
2.66,3.68,2.37,7,14.88,0.4345
3.06,5.75,3.66,8,16.06,0.4477
3.66,5.05,3.69,3,11.35,0.5267
2.29,1.17,1.66,4,6.24,0.2009
3.24,7.78,4.26,5,0.94,0.518
2.82,5.97,2.41,3,7.77,0.3759
3.57,9.32,2.83,4,12.89,0.5934
3.63,8.08,5.65,8,13.95,0.6472
3.24,5.42,4.01,9,19.96,0.5214
3.09,6.9,3.85,11,18.62,0.5937
2.95,4.89,2.08,2,2.64,0.3006
3.51,5.86,2.43,14,21.96,0.5275
3.74,8.19,5.25,1,4.85,0.5981
2.82,5.23,1.68,5,10.35,0.3876
3.66,7.97,5.64,12,19.77,0.6875
3.45,6.44,4.45,10,15.1,0.599
3.23,5.71,5.33,2,9.31,0.4421
3.28,5.26,3.05,6,12.52,0.569
3.72,6.93,4.53,8,20.66,0.7014
2.46,3.7,3.52,7,10.89,0.3452
2.69,4.31,3.61,1,1.57,0.284
3.43,7.07,4.24,3,4.45,0.4974
2.0,2.2,3.05,4,9.49,0.2423
2.61,4.29,3.24,11,19.3,0.3989
2.64,6.22,3.31,10,17.12,0.4838
3.53,6.69,4.61,6,18.62,0.6655
2.83,5.18,4.75,6,12.24,0.4717
3.17,6.44,3.3,8,14.56,0.4831
2.5,4.94,2.92,7,17.92,0.3629
3.27,6.04,4.62,1,4.18,0.4468
2.82,2.94,4.99,12,20.14,0.5149
2.93,6.15,4.94,6,10.96,0.5253
2.9,4.95,4.18,5,10.28,0.4613
3.11,6.23,3.86,10,17.82,0.591
2.77,4.99,2.57,6,13.59,0.3797
3.34,6.69,6.69,7,14.39,0.6257
3.24,6.29,3.94,5,12.29,0.5315
3.05,6.44,2.59,6,17.39,0.5202
3.91,6.37,4.31,1,3.2,0.5479
3.42,6.33,4.26,1,3.01,0.5529
3.23,7.48,4.62,4,11.31,0.4833
2.5,4.3,3.12,3,4.26,0.3278
3.4,5.22,4.64,4,9.2,0.4923
2.54,3.73,1.54,8,19.37,0.3739
2.66,5.68,3.1,2,7.35,0.398
2.6,4.51,3.81,1,2.77,0.229
3.42,8.92,3.69,6,11.18,0.6752
2.66,4.97,2.62,7,21.38,0.4779
4.0,7.75,3.7,6,14.89,0.6211
3.24,5.11,4.65,5,10.97,0.5488
3.45,6.9,3.79,10,18.75,0.6206
3.7,7.34,6.1,8,18.48,0.6741
2.65,4.27,2.19,5,13.04,0.4121
3.02,5.14,4.09,5,11.96,0.4533
2.99,5.89,2.47,13,21.2,0.5385
3.03,5.78,3.27,8,19.48,0.537
2.41,3.74,2.02,3,4.86,0.1924
2.39,3.41,2.68,2,4.63,0.1885
2.78,3.89,3.89,6,8.78,0.3841
2.86,5.47,2.83,2,8.53,0.241
3.52,5.9,4.11,3,0.41,0.6401
3.55,7.32,4.14,3,4.22,0.5736
2.94,6.02,4.75,5,17.14,0.5455
2.34,1.16,2.43,8,19.31,0.2636
2.75,2.8,1.81,2,2.81,0.2915
3.18,7.94,4.35,11,20.63,0.6314
2.75,3.71,1.65,2,7.4,0.3399
2.39,2.7,1.42,11,19.09,0.2741
3.39,7.06,2.56,7,14.98,0.5614
2.91,4.58,4.12,6,17.49,0.5361
2.61,3.65,1.14,1,4.63,0.2201
3.09,6.77,4.42,1,3.95,0.3536
3.52,10.0,4.73,4,5.65,0.6234
3.17,3.19,2.76,3,7.44,0.3918
2.95,5.45,3.37,13,21.78,0.499
2.57,5.24,3.01,6,15.09,0.4153
2.84,1.31,2.83,3,10.71,0.3288
3.4,6.15,3.15,5,9.5,0.4402
2.69,3.54,1.59,7,14.74,0.3124
3.95,9.76,9.76,11,20.52,0.9005
2.82,3.82,1.54,11,20.15,0.4051
3.53,7.31,4.61,1,1.0,0.4489
2.5,3.33,2.3,4,4.45,0.2492
2.64,3.7,3.79,6,20.77,0.4281
2.18,1.78,2.19,9,15.89,0.3571
2.4,4.64,2.77,11,18.67,0.3892
2.41,4.82,1.99,4,11.03,0.2732
3.47,5.66,4.28,8,16.12,0.5255
2.48,1.37,1.46,2,4.45,0.1535
2.51,2.53,2.53,0,0.0,0.1094
3.18,5.53,2.17,1,2.52,0.294
2.89,8.91,3.49,8,17.67,0.5167
2.73,5.07,2.12,3,10.07,0.3454
2.25,4.15,1.34,4,0.57,0.1517
2.5,3.46,3.89,12,21.83,0.3961
3.35,7.36,3.95,1,4.73,0.4984
3.94,6.39,3.92,8,15.53,0.6794
3.49,7.56,3.86,5,16.7,0.5974
2.44,2.22,2.22,0,0.0,0.0868
2.97,4.7,2.69,4,5.78,0.3508
2.57,5.95,2.34,8,13.89,0.335
2.47,5.18,3.57,2,2.09,0.2994
3.01,8.04,4.52,1,0.05,0.453
2.19,3.78,3.42,3,9.44,0.1901
3.43,4.61,2.73,9,14.34,0.4949
2.97,4.49,2.91,10,21.24,0.5595
3.15,7.58,4.17,7,12.04,0.5965
3.12,5.7,4.27,6,20.31,0.5487
3.11,7.02,3.92,3,7.82,0.4272
3.49,8.04,3.93,6,21.65,0.6131
2.55,4.27,1.82,2,5.85,0.3091
2.16,4.84,2.06,3,0.33,0.2404
2.96,6.54,5.11,10,19.42,0.6417
2.33,2.91,2.65,6,8.8,0.3004
2.61,3.05,3.05,0,0.0,0.1485
3.23,5.68,4.9,3,0.92,0.4021
2.71,4.95,3.14,6,18.35,0.3589
3.18,6.49,2.56,8,15.51,0.4477
2.96,6.28,4.06,2,3.24,0.413
3.07,7.91,6.08,5,6.92,0.5584
2.76,5.29,3.63,5,12.2,0.3974
3.19,3.75,3.93,5,17.24,0.5375
2.7,3.76,0.0,9,18.95,0.3923
3.22,6.76,3.42,7,9.76,0.5504
2.71,3.99,3.19,3,9.28,0.2415
2.78,6.39,4.74,5,6.82,0.3972
3.11,5.55,3.8,3,4.88,0.4321
2.71,7.82,3.47,6,10.21,0.4489
2.42,4.84,2.21,4,8.34,0.2807
3.2,5.9,3.84,2,0.76,0.465
2.75,6.25,3.49,2,6.85,0.4455
3.0,4.49,3.34,10,21.24,0.5704
2.73,4.11,2.0,8,21.29,0.3291
2.57,2.87,2.87,0,0.0,0.1349
3.58,7.84,4.34,3,8.72,0.5537
2.58,5.47,3.17,5,9.45,0.3523
2.71,3.53,3.53,6,8.05,0.3538
3.23,5.77,5.41,7,10.14,0.4939
3.91,9.01,4.0,4,6.33,0.7099
3.3,7.91,3.81,6,8.6,0.5703
2.88,5.35,3.08,5,6.4,0.4665
2.96,6.35,3.3,7,12.52,0.5285
2.61,3.03,1.93,7,21.15,0.4014
2.66,4.7,2.45,3,8.18,0.2488
2.44,3.87,2.34,7,18.49,0.2994
2.74,4.84,2.31,6,21.07,0.4399
2.62,5.2,2.68,8,16.63,0.447
2.89,5.98,4.73,3,12.17,0.4527
3.52,5.7,3.6,2,3.92,0.3903
2.81,3.55,2.1,5,14.73,0.3681
3.22,6.93,3.44,7,19.14,0.5825
3.53,6.6,5.38,2,1.12,0.5041
2.95,7.86,4.77,1,5.02,0.3731
2.48,3.39,3.32,3,6.96,0.2307
3.32,3.71,1.82,1,4.83,0.2975
3.16,4.77,2.18,8,20.51,0.4372
3.08,3.73,1.92,8,13.62,0.5263
2.59,5.21,2.89,1,1.04,0.1884
3.19,5.55,4.62,11,18.48,0.6079
2.98,4.48,3.54,2,8.78,0.4279
3.34,6.73,4.08,2,8.14,0.4965
2.57,5.29,2.36,9,17.94,0.3744
3.19,7.46,3.22,5,14.23,0.5078
3.82,9.12,9.12,6,19.24,0.824
2.82,4.09,4.09,5,9.18,0.3945
3.06,3.97,3.81,8,16.89,0.439
2.96,3.61,2.5,8,16.23,0.3705
2.82,2.42,2.55,3,2.54,0.2496
3.74,7.01,4.64,10,15.3,0.6365
2.79,5.85,4.42,1,4.15,0.317
3.03,5.58,3.07,6,13.27,0.4134
2.79,6.73,3.57,1,2.54,0.3977
2.95,4.75,4.75,6,10.5,0.4566
2.49,3.08,2.52,8,12.09,0.4164
2.67,6.2,2.68,3,6.5,0.3166
3.55,6.19,4.58,2,3.53,0.5731
2.1,0.5,0.5,0,0.0,0.0
2.58,4.54,1.84,6,18.19,0.3919
2.31,4.27,2.98,4,14.48,0.2726
2.24,5.23,0.85,4,9.23,0.2979
2.77,5.85,3.52,6,21.0,0.4607
3.14,5.32,1.1,3,6.35,0.436
2.67,4.68,2.86,1,5.1,0.3355
2.75,3.35,1.53,7,12.51,0.2717
3.55,5.34,4.94,7,21.87,0.6128
3.31,6.55,6.55,6,14.11,0.6082
2.24,1.22,1.22,0,0.0,0.0117
2.57,4.61,2.12,4,12.81,0.3627
3.3,4.19,3.63,3,5.01,0.3771
2.71,2.41,2.4,2,3.6,0.3169
2.53,4.43,2.83,8,15.68,0.3361
2.19,2.99,2.32,8,13.55,0.2595
2.91,3.31,4.38,6,12.03,0.2597
3.86,9.32,9.32,11,19.64,0.8635
2.24,2.29,1.6,2,1.29,0.1667
2.91,4.6,1.62,2,1.94,0.295
2.22,1.08,1.08,0,0.0,0.0012
3.43,6.64,4.64,9,18.58,0.5804
2.84,2.43,2.91,8,17.13,0.4084
2.36,3.62,2.67,4,6.04,0.3505
2.47,5.28,3.93,3,10.05,0.4134
3.36,5.21,4.36,6,15.07,0.5178
3.2,4.36,4.26,1,4.0,0.3292
2.9,4.4,4.02,7,20.58,0.4847
2.62,4.65,1.98,5,16.45,0.4536
3.33,6.58,4.07,11,18.99,0.6154
2.54,5.59,4.46,5,17.02,0.3305
2.38,1.9,1.9,0,0.0,0.0628
2.76,3.23,1.04,4,5.1,0.2702
3.59,7.93,6.01,5,12.7,0.6707
2.62,6.11,2.31,4,5.63,0.4153
2.99,4.93,1.41,4,14.64,0.438
3.49,7.56,3.69,8,18.65,0.6173
2.79,5.41,1.44,12,21.52,0.5107
3.62,7.13,4.29,3,4.67,0.5396
2.99,5.5,3.68,5,7.05,0.4002
3.42,6.46,6.74,2,6.33,0.6547
2.96,6.16,5.27,6,20.06,0.5224
2.37,4.28,3.14,7,13.47,0.3433
2.67,5.35,3.03,4,7.38,0.3255
2.49,5.46,2.69,1,2.77,0.3713
3.3,6.27,3.59,9,16.28,0.5518
2.63,4.68,2.15,9,14.65,0.3458
2.64,4.19,3.29,6,19.58,0.3241
2.69,3.98,1.61,3,2.9,0.2479
2.45,5.36,3.54,5,18.72,0.3935
3.55,8.92,4.24,10,17.37,0.7613
3.74,7.09,4.34,4,12.18,0.5685
3.12,5.18,3.17,2,4.96,0.4131
2.22,2.78,3.94,1,4.15,0.2161
3.05,3.57,3.4,7,11.63,0.3913
3.53,6.52,4.05,7,18.28,0.5727
2.93,4.55,2.69,8,19.33,0.4135
2.69,4.1,1.71,6,8.62,0.294
2.11,0.54,0.54,0,0.0,0.0
3.14,5.77,3.23,10,19.58,0.4951
3.03,6.63,3.5,6,10.31,0.4506
2.93,4.94,3.08,9,19.94,0.4565
2.68,2.03,2.03,10,21.39,0.3676
2.27,2.54,2.38,1,5.89,0.1676
3.26,6.79,4.11,2,7.39,0.4439
2.38,3.01,0.02,6,12.65,0.2824
2.36,2.78,0.23,2,3.77,0.1429
3.4,6.97,4.99,1,3.0,0.5574
2.99,8.57,5.29,9,15.97,0.6136
3.86,7.57,5.09,9,21.43,0.6107
2.71,2.24,1.87,5,14.46,0.2795
3.62,8.1,8.1,10,17.19,0.757
3.27,6.33,6.33,7,13.67,0.5953
2.81,0.49,2.14,5,7.26,0.2767
2.78,2.64,2.96,1,4.08,0.3192
2.4,2.5,0.74,5,0.14,0.2035
3.58,8.02,4.86,9,21.08,0.6505
2.93,4.39,2.68,3,6.29,0.3491
2.03,0.14,0.14,0,0.0,0.0
2.67,5.94,1.96,6,14.74,0.4269
3.06,8.14,2.46,7,16.57,0.6022
3.0,6.08,2.9,0,0.92,0.2176
2.25,3.89,1.63,2,4.95,0.108
3.24,5.44,3.78,3,0.84,0.404
2.85,5.91,4.64,2,4.72,0.4438
3.27,6.71,5.13,11,17.64,0.5687
3.31,8.11,4.4,1,1.11,0.439
3.22,6.09,6.09,5,13.18,0.563
2.68,5.09,5.56,6,10.56,0.4063
2.78,4.84,4.46,11,21.53,0.5124
2.89,4.05,3.37,2,7.32,0.2329
3.05,6.32,4.5,7,18.46,0.5749
2.93,5.01,3.34,7,15.09,0.5489
2.65,5.56,2.01,1,4.14,0.3265
2.37,2.25,1.31,3,9.71,0.2095
3.45,5.47,3.55,7,12.98,0.5495
3.15,6.04,3.8,2,2.86,0.521
3.39,7.12,4.86,8,17.94,0.5906
2.6,5.04,2.86,4,12.65,0.4466
3.32,4.75,3.46,7,15.42,0.5968
3.69,5.73,4.33,11,17.8,0.6291
3.01,2.55,3.09,0,0.73,0.1624
2.97,3.88,3.38,4,10.01,0.3528
2.71,5.08,2.14,6,13.0,0.3793
3.01,4.88,2.61,8,12.35,0.4533
3.17,5.21,4.77,4,13.33,0.5108
3.2,4.71,3.52,10,17.78,0.5424
3.18,5.73,2.95,4,13.82,0.4141
2.69,3.68,1.72,3,3.49,0.3104
3.37,4.76,3.04,3,3.16,0.4051
3.62,7.68,5.37,4,10.87,0.6521
3.1,4.03,2.85,2,2.84,0.4396
2.67,4.66,1.34,6,11.08,0.3331
3.19,5.95,3.78,2,3.12,0.427
2.89,5.55,3.78,4,11.36,0.4056
2.77,4.1,2.45,3,8.36,0.3374
3.73,5.68,3.82,5,12.47,0.6455
2.14,4.51,2.23,3,8.47,0.1327
3.22,4.94,2.6,2,6.37,0.4811
2.2,1.31,1.72,4,10.81,0.2976
2.64,3.19,3.19,0,0.0,0.159
3.38,7.54,2.85,7,14.22,0.6147
3.39,6.78,4.21,5,7.19,0.463
2.98,4.53,3.01,8,15.64,0.4802
2.72,4.18,3.69,12,21.32,0.4136
3.58,8.07,4.59,2,0.69,0.5653
3.37,5.71,3.86,6,13.7,0.5915
2.93,7.09,4.43,13,21.78,0.5396
2.29,4.65,2.93,5,7.74,0.2793
3.62,8.12,8.12,9,17.23,0.7547
2.58,3.37,1.95,4,9.51,0.2592
3.5,8.78,4.11,9,13.85,0.5219
3.05,6.26,4.35,3,0.97,0.4703
3.08,5.95,3.98,2,1.73,0.3997
2.58,4.22,1.1,3,4.03,0.2911
3.54,7.37,3.09,6,8.69,0.6449
3.36,7.88,4.13,8,21.38,0.6541
2.88,3.75,3.15,8,16.92,0.4697
2.59,2.97,2.97,0,0.0,0.1424
3.38,6.89,6.89,4,14.79,0.6228
3.66,8.28,8.28,10,17.55,0.7722
2.62,2.78,1.32,4,10.49,0.2793
2.34,2.27,3.73,5,8.89,0.3423
3.03,5.8,3.87,5,14.76,0.5067
3.11,5.55,5.55,3,12.1,0.5005
3.15,6.72,4.63,2,6.77,0.4947
2.99,5.84,3.72,4,8.89,0.4745
3.6,6.41,4.2,7,13.2,0.5749
2.92,7.19,1.41,3,11.06,0.3525
2.05,0.26,0.26,0,0.0,0.0
2.79,5.4,3.1,9,21.25,0.4123
3.24,3.51,3.01,6,15.46,0.4053
3.53,8.89,4.3,2,3.17,0.6063
3.13,5.13,3.59,6,11.73,0.5066
3.07,3.1,3.45,9,13.83,0.392
3.29,7.18,4.6,1,1.44,0.4812
2.61,0.63,1.48,5,13.37,0.2047
3.06,7.59,3.33,6,13.95,0.5079
3.81,7.21,4.93,6,10.58,0.6601
2.86,3.78,2.04,4,4.82,0.3032
2.91,4.55,4.55,4,10.1,0.4256
3.82,6.3,4.97,5,7.78,0.6535
3.23,6.69,2.95,2,1.61,0.5008
3.85,8.04,5.0,10,16.69,0.6886
2.8,4.25,2.91,5,9.41,0.281
3.25,8.39,3.45,4,11.31,0.5286
2.7,3.64,1.71,1,2.67,0.2058
2.9,3.5,3.24,6,9.79,0.3653
2.17,1.96,2.09,2,3.73,0.1095
2.7,3.58,0.37,2,2.82,0.2617
3.1,6.78,2.62,12,21.11,0.5715
2.87,6.27,3.31,12,18.95,0.4848
2.42,4.15,1.92,1,0.32,0.2179
3.02,3.71,3.85,8,19.99,0.4886
3.34,6.74,4.37,8,13.56,0.568
3.18,8.34,4.02,8,11.66,0.5106
3.81,9.39,4.94,7,13.85,0.7292
2.59,2.93,2.93,0,0.0,0.1394
2.31,3.51,1.92,2,6.8,0.2143
2.25,1.24,1.24,0,0.0,0.0132
3.17,6.09,3.24,6,20.82,0.4775
3.35,8.03,6.4,5,12.49,0.6771
2.46,2.32,2.32,0,0.0,0.0943
2.71,5.61,2.9,9,19.93,0.4941
2.29,3.81,2.45,2,0.4,0.221
3.1,7.25,3.7,10,19.13,0.5652
3.67,7.4,4.95,12,21.73,0.6874
2.48,3.59,3.47,6,12.06,0.2428
2.81,7.91,3.71,2,2.59,0.4277
2.31,2.51,1.58,4,0.46,0.1374
3.14,5.78,3.9,11,18.57,0.6366
3.78,8.92,8.92,8,18.84,0.8177
2.5,4.03,3.5,5,12.51,0.3944
2.56,3.5,3.89,8,21.48,0.3441
3.6,5.67,2.21,1,3.83,0.4145
2.94,4.89,4.0,4,13.18,0.4789
3.61,7.31,5.06,7,15.38,0.6304
2.98,3.58,2.96,2,2.88,0.2466
3.96,9.78,9.78,10,20.56,0.8986
2.93,4.63,4.63,5,10.26,0.44
2.17,3.36,1.52,2,2.4,0.1125
2.78,5.37,2.59,6,11.97,0.4823
3.29,6.47,6.47,7,13.95,0.6071
2.49,5.29,3.16,6,8.18,0.4804
2.74,6.72,3.66,1,4.41,0.379
3.69,9.89,5.2,7,13.86,0.7142
3.3,3.78,2.54,2,2.83,0.3794
2.33,2.66,2.33,8,12.85,0.2425
2.93,6.24,2.66,1,3.97,0.4428
2.27,3.14,4.23,2,6.13,0.3131
3.4,6.52,3.83,1,4.72,0.5487
2.49,5.51,2.03,2,3.97,0.2341
2.99,4.69,2.85,2,3.51,0.3311
2.54,5.38,3.43,5,18.5,0.4714
3.1,7.14,4.58,2,2.05,0.4382
3.25,7.38,3.93,5,12.22,0.507
3.36,4.64,2.58,9,14.5,0.566
2.98,4.41,2.09,8,14.65,0.4385
2.26,3.15,2.82,6,20.13,0.3476
3.82,6.66,4.18,4,5.33,0.5984
2.43,3.85,2.33,5,10.13,0.1668
3.46,7.83,6.63,2,8.3,0.5601
2.79,4.42,2.43,1,3.34,0.2069
3.19,7.66,3.9,12,20.54,0.5778
3.16,5.81,5.81,7,12.62,0.5515
2.37,3.33,2.01,5,17.34,0.2768
3.55,5.69,5.03,3,4.8,0.5361
3.31,7.16,6.09,2,1.2,0.595
2.63,6.41,3.05,8,19.06,0.4137
2.72,7.64,4.91,2,7.15,0.3613
2.96,5.76,4.1,4,12.53,0.5487
3.3,6.84,4.47,5,11.05,0.652
3.5,6.83,4.6,12,21.23,0.7074
3.04,5.39,4.14,10,15.58,0.4821
2.64,6.14,3.73,2,1.9,0.3239
2.96,6.65,3.46,4,11.8,0.5297
3.84,6.53,5.66,1,3.94,0.527
3.13,4.71,4.27,4,12.17,0.5095
3.17,4.64,3.48,5,0.52,0.4412
2.47,2.47,2.07,4,10.75,0.2748
2.82,4.46,4.74,6,15.67,0.4243
3.34,4.71,3.1,5,9.74,0.475
2.52,3.76,1.16,8,21.38,0.3554
2.21,0.88,0.95,5,13.85,0.2053
2.21,3.4,2.2,2,4.92,0.1221
3.71,7.33,5.36,6,9.72,0.6191
3.26,7.91,4.91,3,5.87,0.5577
2.18,2.96,1.84,10,20.06,0.3007
2.69,3.53,2.65,8,18.61,0.4458
3.14,3.28,3.68,2,1.37,0.3198
2.99,5.57,2.58,7,9.45,0.4098
2.81,6.2,4.25,4,11.13,0.3681
3.25,6.28,4.77,7,20.56,0.5995
2.77,2.92,1.1,2,0.62,0.2708
3.33,8.44,3.16,10,20.96,0.6801
2.88,5.13,5.05,11,21.31,0.5659
2.74,5.63,2.86,11,18.29,0.5075
3.54,7.78,4.56,6,16.37,0.6758
2.42,3.01,2.41,1,2.54,0.2202
3.0,6.97,3.35,5,14.65,0.5961
3.23,4.47,3.31,4,6.03,0.4178
3.75,8.76,8.76,5,18.52,0.7871
2.89,4.43,4.43,5,9.86,0.4231
3.11,6.64,3.61,1,0.73,0.4942
3.49,6.33,3.15,4,9.85,0.5478
3.36,6.79,6.79,6,14.59,0.6285
3.74,6.19,5.29,2,7.43,0.5626
3.6,8.02,8.02,10,17.03,0.7503
3.19,7.09,4.88,4,7.94,0.5603
3.42,6.92,5.09,4,6.9,0.5159
3.6,6.65,2.76,2,2.84,0.5513
2.94,3.65,3.78,3,6.1,0.4443
3.09,4.45,2.02,3,2.18,0.4375
3.21,8.01,4.66,3,8.75,0.5065
2.49,4.26,3.44,1,2.82,0.2409
3.9,9.52,9.52,6,20.04,0.8577
3.21,4.3,4.08,8,17.5,0.4425
3.21,6.91,4.83,1,3.63,0.483
3.45,7.23,7.23,6,15.47,0.6655
3.26,7.01,5.08,4,7.57,0.5004
3.39,6.93,6.93,6,14.87,0.6403
2.87,3.99,2.49,7,17.61,0.4398
2.84,4.21,4.21,3,9.42,0.3876
2.43,2.09,0.82,12,21.18,0.2284
2.63,6.19,6.14,3,8.15,0.4907
2.55,3.01,2.47,2,3.55,0.1707
3.21,5.51,3.74,4,12.88,0.4308
3.47,6.21,4.36,4,13.79,0.514
3.13,7.75,2.63,3,10.84,0.5243
3.17,6.49,1.94,1,6.1,0.4644
3.19,5.97,5.97,5,12.94,0.5529
3.09,6.57,3.42,12,20.74,0.518
2.69,4.46,4.39,3,9.5,0.365
2.89,6.56,4.75,6,20.59,0.5714
2.03,3.76,3.25,6,10.03,0.2205
2.24,3.65,2.51,3,5.52,0.2416
2.98,7.53,6.14,7,16.4,0.6243
3.46,7.22,4.61,1,4.85,0.4421
3.23,8.36,3.41,4,12.22,0.5311
3.32,6.59,6.59,5,14.19,0.6051
3.01,7.43,4.33,3,4.03,0.464
3.0,5.79,2.22,1,3.18,0.3295
3.67,6.79,5.46,3,10.99,0.6742
2.76,3.79,3.79,6,8.58,0.3757
2.59,3.24,4.1,4,13.88,0.3734
2.43,3.27,1.62,1,2.21,0.2003
2.81,2.37,3.94,2,7.35,0.4593
2.69,2.19,2.91,1,0.07,0.2762
3.18,7.24,3.16,8,16.55,0.6001
2.95,4.17,2.96,6,21.36,0.4484
3.52,6.78,5.37,6,14.47,0.6101
3.44,4.96,4.36,11,17.53,0.5414
3.29,4.77,3.58,5,12.8,0.5315
2.99,5.0,1.85,7,13.73,0.3913
3.07,4.02,3.23,3,10.43,0.3621
2.61,5.3,1.5,6,14.3,0.4145
2.9,5.21,3.18,7,17.26,0.3924
2.74,2.5,2.04,4,12.68,0.3143
3.56,6.71,6.0,4,12.85,0.7233
3.68,8.42,8.42,10,17.83,0.784
3.45,4.01,1.74,6,8.88,0.4551
2.75,5.57,3.18,3,10.06,0.3386
2.85,4.53,2.84,7,13.05,0.373
2.72,3.8,1.49,8,20.52,0.4016
2.98,4.89,2.89,9,20.7,0.5762
3.3,4.55,3.44,5,16.21,0.4647
3.3,7.73,4.78,6,8.57,0.5671
3.01,5.3,3.95,2,1.61,0.4238
2.3,4.23,3.1,6,8.28,0.3767
2.64,4.46,2.65,3,10.22,0.3547
3.05,3.05,3.26,2,4.94,0.4003
3.46,7.8,3.89,5,10.32,0.639
2.58,3.88,4.01,7,15.95,0.4147
3.8,6.62,5.64,3,5.15,0.5436
2.98,5.33,2.35,3,9.01,0.3382
2.73,4.56,2.04,4,14.38,0.3659
2.74,4.25,4.23,1,3.38,0.349
2.95,7.54,4.21,6,16.06,0.5117
2.78,4.56,3.01,3,4.59,0.3363
3.56,7.78,7.78,5,16.55,0.7046
3.39,5.16,4.5,4,6.27,0.5417
3.64,7.8,4.73,4,5.85,0.5513
2.94,4.55,3.57,9,20.51,0.4708
3.0,5.67,4.99,1,6.05,0.3423
2.78,3.91,3.91,3,8.82,0.3623
2.84,2.93,3.13,6,20.86,0.3823
2.45,2.11,1.94,3,4.91,0.165
2.2,3.06,2.42,9,20.1,0.437
3.33,4.17,3.94,1,0.1,0.315
2.9,4.45,5.14,6,14.56,0.5073
3.23,5.73,5.85,6,12.37,0.6009
2.44,4.92,1.98,2,3.29,0.2583
3.73,8.05,5.76,7,11.46,0.7235
3.96,7.77,4.82,1,4.08,0.5106
3.41,7.19,4.02,3,4.07,0.5434
3.74,7.66,4.94,12,20.2,0.6452
3.46,5.2,4.67,7,12.63,0.5145
2.7,2.52,3.09,2,2.89,0.2604
2.87,4.35,4.35,3,9.7,0.3994
2.51,3.56,1.4,12,21.91,0.4181
3.51,8.25,5.97,9,18.65,0.7515
2.86,3.11,2.28,1,1.43,0.2962
3.65,7.41,5.37,4,0.04,0.59
2.4,4.65,1.36,2,7.45,0.2014
2.87,2.52,1.88,4,5.09,0.3223
2.52,3.35,2.37,6,14.26,0.3498
2.79,4.59,3.5,11,21.12,0.4474
2.86,5.63,3.09,7,18.47,0.5466
2.21,1.57,1.84,6,13.02,0.2188
2.45,2.84,0.83,4,7.79,0.2065
3.63,8.17,5.97,4,8.4,0.5838
3.2,5.62,3.68,8,21.35,0.5161
3.08,5.2,3.07,5,11.47,0.4157
3.1,5.51,5.51,3,12.02,0.4971
3.35,5.87,5.07,4,9.83,0.5301
2.66,4.96,0.0,13,20.81,0.367
2.93,3.94,5.15,5,16.49,0.5265
3.72,8.95,4.51,0,0.99,0.5203
3.28,8.47,3.77,3,2.13,0.5624
3.26,7.12,5.99,8,16.52,0.6405
4.0,9.19,4.31,2,5.39,0.666
2.99,3.46,3.78,5,7.72,0.4625
2.08,2.98,2.7,5,17.6,0.3135
2.14,3.46,3.25,6,10.39,0.2235
3.36,6.81,6.81,5,14.63,0.6237
2.35,4.7,2.83,5,13.72,0.3246
2.07,0.34,0.34,0,0.0,0.0
2.74,4.4,1.46,7,11.18,0.4438
3.73,5.61,4.55,6,15.6,0.6085
2.96,6.46,3.31,10,15.07,0.5659
2.33,5.81,1.98,7,21.18,0.42
3.21,6.49,4.23,12,21.92,0.6009
3.42,6.44,3.99,2,4.33,0.575
3.04,3.6,3.89,1,0.37,0.2722
3.17,8.17,4.39,2,5.56,0.5997
2.75,4.6,3.07,1,1.19,0.3689
3.07,6.58,4.01,4,10.7,0.4983
3.04,6.07,4.15,7,12.05,0.4642
3.0,4.99,4.99,6,10.98,0.4768
2.78,5.35,1.59,6,13.21,0.4171
2.69,6.0,3.47,2,5.4,0.3766
2.39,5.33,1.87,5,14.69,0.4182
2.53,3.89,2.03,1,4.37,0.1883
3.12,4.77,3.14,4,10.48,0.4373
3.69,6.15,4.65,3,11.54,0.5786
3.82,7.51,4.01,2,8.32,0.5686
3.13,6.21,1.97,7,21.99,0.5119
2.79,2.84,1.27,3,4.79,0.1933
2.81,3.88,3.07,1,4.92,0.3111
2.24,2.65,1.63,1,2.32,0.2891
3.08,6.12,3.89,3,8.29,0.4345
3.72,6.82,4.75,3,8.7,0.6764
3.22,5.43,4.13,3,3.41,0.3893
3.37,7.82,3.81,4,14.53,0.5704
3.25,6.41,4.31,8,18.21,0.6163
2.38,2.88,1.55,5,16.54,0.2227
2.62,5.54,4.75,2,0.96,0.4134
2.3,1.48,1.48,0,0.0,0.0312
2.57,3.09,3.26,5,17.86,0.3689
2.97,4.91,2.28,3,10.41,0.3313
3.09,5.68,6.05,4,12.27,0.4657
3.43,6.63,3.71,11,20.0,0.6116
3.11,4.97,4.12,2,2.86,0.4288
2.3,2.6,1.25,2,5.19,0.1872
2.45,3.38,1.86,6,17.02,0.3857
2.95,7.13,5.25,5,8.22,0.4497
3.21,4.59,2.65,3,10.65,0.374
3.08,4.92,4.58,2,1.75,0.3421
2.57,2.97,2.06,5,9.7,0.2727
2.64,6.18,4.19,2,6.69,0.4169
3.63,8.62,4.75,3,7.6,0.4982
2.88,4.77,3.55,3,7.11,0.484
2.77,2.93,2.2,10,19.55,0.4253
3.32,7.57,4.13,3,10.74,0.5999
3.58,8.55,4.84,5,6.3,0.5853
2.92,6.2,4.05,9,19.19,0.3924
3.19,5.09,1.17,1,5.23,0.3377
2.23,1.72,0.63,6,9.43,0.0785
2.89,4.45,4.45,3,9.9,0.4078
2.91,5.06,3.42,5,11.11,0.4008
3.12,5.59,5.59,3,12.18,0.5038
2.38,3.48,1.51,9,15.78,0.3394
2.88,5.44,3.76,5,0.74,0.3728
3.51,6.4,3.57,6,17.83,0.6543
3.67,7.25,4.5,4,13.22,0.5779
2.94,6.68,4.13,7,12.17,0.472
3.39,7.29,4.96,6,12.38,0.5547
2.88,5.09,3.29,6,19.8,0.4374
3.42,6.46,3.3,4,10.89,0.4873
2.82,6.73,2.85,10,21.22,0.5338
2.5,3.89,3.28,5,8.83,0.3948
3.78,8.88,8.88,9,18.76,0.8187
3.81,7.06,5.44,2,1.56,0.4575
3.59,8.74,3.8,9,19.07,0.6951
2.45,3.64,3.17,2,3.44,0.2487
2.65,6.0,3.44,13,21.1,0.4967
3.08,5.41,5.41,8,11.82,0.5228
3.0,5.92,3.11,4,9.02,0.3815
3.39,8.08,2.24,5,0.74,0.5341
2.7,4.14,2.99,7,16.74,0.4575
2.47,3.93,2.24,2,3.6,0.2256
3.26,5.49,3.55,2,7.88,0.4821
3.43,7.28,4.5,5,12.81,0.5575
3.33,6.36,3.63,1,1.18,0.5255
3.11,5.62,6.51,2,8.42,0.4299
2.75,4.0,3.33,9,17.86,0.3963
3.06,4.35,4.39,4,6.0,0.5035
3.14,5.18,2.4,7,12.69,0.3841
3.67,6.69,3.95,5,6.07,0.64
3.32,5.61,3.32,1,1.27,0.477
2.52,3.71,1.94,4,6.29,0.3474
3.65,6.13,4.31,5,7.99,0.5268
2.99,6.89,2.57,5,13.64,0.4777
2.57,4.32,2.85,5,12.48,0.4189
3.67,8.25,3.88,5,10.04,0.7025
3.0,5.73,3.33,1,1.69,0.3848
3.72,8.62,8.62,10,18.23,0.8008
3.07,4.62,4.68,2,3.53,0.4054
3.09,6.19,3.46,9,18.85,0.5376
3.25,6.23,6.23,7,13.46,0.5869
3.56,10.0,5.65,1,1.62,0.6137
2.58,4.3,4.11,4,13.28,0.3711
3.07,4.4,6.25,1,1.32,0.4843
3.54,10.0,5.22,5,13.85,0.8479
3.13,5.66,3.35,8,16.85,0.5428
2.69,2.92,3.2,1,1.67,0.222
3.1,6.17,2.7,9,14.75,0.4832
2.71,3.71,1.77,4,0.18,0.3258
2.62,5.37,5.36,2,2.85,0.3105
3.0,6.2,2.81,8,12.58,0.5269
3.2,7.37,2.95,7,11.53,0.4178
3.02,4.83,3.63,1,1.02,0.3175
2.94,1.57,2.75,9,20.19,0.3697
2.37,5.26,3.08,4,9.81,0.3192
2.73,4.41,2.62,7,19.84,0.4055
3.48,5.88,5.77,6,11.4,0.5528
2.62,2.15,3.16,5,0.93,0.2503
3.34,7.36,3.8,1,3.52,0.5635
3.09,4.39,4.2,5,12.76,0.5149
2.97,5.85,4.15,6,10.44,0.4669
3.15,5.76,3.39,10,17.97,0.5357
3.53,8.0,4.88,5,7.43,0.6277
3.41,5.31,2.76,8,18.12,0.5351
2.25,3.76,1.96,5,9.57,0.3162
2.17,0.86,0.86,0,0.0,0.0
2.08,1.86,3.46,8,15.75,0.2595
3.29,8.18,3.55,4,0.09,0.4596
2.58,4.53,2.23,5,7.96,0.3283
3.49,5.04,4.25,5,10.37,0.4969
2.76,4.66,2.56,3,0.36,0.3619
3.0,5.37,3.28,2,2.33,0.3386
3.26,7.17,4.99,5,12.49,0.5301
2.68,4.06,2.58,9,20.61,0.3482
3.31,8.68,4.59,9,19.54,0.6831
3.74,7.17,5.63,3,0.79,0.6261
3.64,4.69,4.83,1,4.2,0.4696
3.15,7.14,3.35,5,6.0,0.4807
2.58,3.98,1.88,10,17.84,0.4138
3.04,6.87,5.26,6,10.42,0.6275
3.33,7.79,3.76,4,15.36,0.5233
2.85,5.29,3.34,3,2.4,0.2838
3.42,7.31,4.91,3,9.41,0.5026
3.31,8.91,4.29,3,2.75,0.5495
3.36,3.85,4.02,2,4.57,0.4864
2.73,3.29,1.93,7,15.75,0.3683
3.13,3.68,2.36,13,18.39,0.5028
2.63,5.2,3.25,3,3.81,0.2747
2.89,6.11,3.01,6,7.36,0.4009
3.57,6.66,6.71,2,1.4,0.5678
2.48,2.92,2.24,2,8.36,0.3135
2.68,3.64,2.09,1,0.83,0.2232
3.19,6.08,3.98,7,21.58,0.5281
2.77,7.62,2.58,2,0.17,0.3142
2.66,5.32,4.57,6,15.44,0.39
3.23,6.27,3.27,2,0.32,0.2734
2.93,3.91,2.63,11,18.04,0.5207
3.09,5.91,2.26,2,7.6,0.364
2.89,5.59,3.46,5,12.58,0.4675
2.67,5.28,2.97,5,13.82,0.3915
3.34,7.63,4.02,5,7.99,0.4637
2.9,4.1,3.87,5,16.32,0.4173
2.33,4.09,1.87,3,9.61,0.3158
2.73,6.12,2.9,5,9.79,0.3835
2.96,3.76,3.79,3,4.47,0.3777
2.45,5.12,3.67,4,2.67,0.3601
3.27,6.29,4.87,8,15.36,0.5264
2.41,2.06,2.06,0,0.0,0.0748
3.8,8.71,3.1,5,10.17,0.5874
2.77,4.53,3.01,10,19.94,0.3932
3.24,6.29,4.74,6,14.29,0.5046
2.31,1.54,1.54,0,0.0,0.0357
3.57,5.61,4.48,5,15.05,0.6056
2.55,4.97,2.11,1,2.24,0.3098
3.19,6.27,3.27,8,16.17,0.5067
2.94,5.91,3.96,7,20.69,0.5407
2.99,3.67,2.92,5,10.99,0.3385
2.63,3.94,2.57,12,21.11,0.3685
2.6,3.84,1.47,1,4.93,0.1618
3.66,5.72,6.0,9,17.53,0.622
3.17,4.44,3.17,6,15.68,0.4834
3.33,6.21,4.45,3,7.26,0.4869
3.7,7.43,4.8,5,15.67,0.6246
2.76,5.1,1.4,6,8.57,0.3589
3.42,5.95,4.76,5,13.28,0.501
2.45,4.93,2.86,5,14.88,0.3616
3.28,6.65,3.06,10,15.71,0.5944
3.2,5.04,3.99,4,0.49,0.4021
3.41,5.59,5.48,7,12.37,0.5849
2.46,2.42,3.29,1,2.04,0.2195
3.26,4.23,3.15,7,17.92,0.4542
3.51,7.58,5.24,2,3.02,0.5007
2.16,5.44,2.58,2,5.03,0.2188
3.44,3.46,3.04,5,8.45,0.4241
2.38,3.17,0.77,5,0.65,0.3172
2.81,3.17,1.76,2,3.2,0.298
2.27,3.34,2.32,10,15.63,0.3944
2.76,3.88,2.55,3,7.66,0.44
3.37,7.77,5.06,8,16.96,0.6622
2.12,0.62,0.62,0,0.0,0.0
2.66,3.29,3.29,0,0.0,0.1665
3.38,6.62,5.35,2,3.39,0.4878
2.55,5.63,3.36,10,20.07,0.4671
3.02,6.43,4.56,8,15.01,0.5812
2.84,6.36,3.1,7,17.76,0.4901
2.45,3.15,0.68,5,8.9,0.2863
2.58,5.33,2.47,6,10.45,0.4326
3.94,7.02,4.27,6,10.54,0.605
2.63,4.77,3.03,11,19.42,0.4236
2.73,4.51,3.15,4,8.4,0.3541
2.77,5.84,4.09,1,4.46,0.3137
2.62,4.68,3.57,13,21.8,0.4193
3.76,8.78,8.78,7,18.56,0.8009
2.51,2.48,3.03,2,3.54,0.2699
3.29,2.58,3.43,5,12.08,0.4794
3.32,7.38,4.25,7,12.77,0.7153
3.52,7.6,7.6,5,16.19,0.6894
3.63,6.0,3.37,11,17.96,0.5652
2.0,3.09,0.12,5,13.26,0.1424
3.42,7.5,4.59,3,7.63,0.5713
2.71,5.05,3.68,5,16.94,0.3987
2.25,1.82,1.7,1,5.38,0.1625
3.84,8.12,4.4,5,12.13,0.6686
3.61,8.06,8.06,7,17.11,0.7402
3.2,4.76,2.75,9,15.92,0.573
3.11,4.57,3.05,2,1.54,0.4075
2.6,2.01,1.96,3,9.87,0.2571
3.1,2.44,2.42,8,14.01,0.4196
3.06,6.38,4.18,7,10.91,0.5503
3.63,9.74,6.11,10,16.35,0.7828
3.31,4.08,3.5,7,13.88,0.4407
3.01,6.98,3.93,2,1.55,0.507
3.43,8.18,4.33,10,20.07,0.7257
3.03,4.64,3.74,11,17.77,0.4809
2.14,2.81,0.57,3,0.73,0.1561
2.41,2.65,3.62,9,19.03,0.3884
3.81,9.06,9.06,7,19.12,0.8245
3.6,5.34,4.59,4,14.55,0.5793
2.96,4.7,2.95,3,7.83,0.3507
3.53,4.81,4.69,3,5.76,0.4749
3.25,6.81,3.76,7,19.54,0.5576
2.74,6.21,3.46,5,11.98,0.44
2.32,4.76,2.72,4,12.89,0.3439
4.0,7.09,3.33,1,5.8,0.4672
2.88,6.64,3.44,2,5.12,0.4798
2.44,4.61,4.23,7,15.03,0.4309
2.07,3.53,3.14,4,9.16,0.2248
3.26,4.48,5.25,6,15.97,0.5393
2.45,2.84,4.08,9,21.78,0.4689
2.79,3.97,3.97,5,8.94,0.3844
2.66,6.79,2.05,4,9.78,0.4072
3.19,4.39,3.89,12,20.16,0.5625
3.35,6.33,2.98,5,10.74,0.5149
3.55,7.23,4.47,1,0.66,0.4254
2.64,3.11,3.26,5,15.59,0.3385
2.65,5.19,2.58,4,4.73,0.3241
3.27,8.94,4.6,10,15.9,0.7089
3.09,4.67,2.86,2,5.9,0.3665
3.84,9.18,9.18,7,19.36,0.8346
3.01,5.38,4.87,5,10.25,0.4754
3.96,6.43,3.96,5,6.49,0.6406
3.25,6.66,4.13,8,21.82,0.6198
2.87,3.25,2.61,2,2.27,0.292
2.56,2.79,2.79,0,0.0,0.1289
3.36,6.19,4.95,7,18.37,0.6356
3.15,4.73,3.73,6,15.35,0.4643
3.27,6.5,4.15,7,13.45,0.5202
3.13,5.06,4.22,7,11.91,0.5347
3.74,8.68,8.68,11,18.35,0.8095
2.19,1.36,2.36,5,11.23,0.1867
3.25,5.69,4.4,11,18.48,0.5261
2.56,2.55,2.06,6,19.12,0.2546
2.61,3.26,2.68,1,6.18,0.2153
2.37,1.84,1.84,0,0.0,0.0583
3.52,8.06,3.61,8,12.38,0.6772
3.02,4.56,2.82,3,10.84,0.5234
2.46,3.91,1.78,9,19.59,0.3836
2.9,4.58,3.62,11,20.04,0.4635
2.42,4.4,3.42,6,16.27,0.2922
3.27,4.54,3.42,12,20.07,0.4564
3.16,6.81,3.61,8,18.89,0.567
2.97,4.23,3.12,9,14.44,0.4785
3.22,6.17,2.24,3,3.39,0.3703
3.34,6.52,3.9,9,19.62,0.4929
2.67,4.3,1.23,6,9.9,0.2744
2.84,3.8,2.85,5,17.14,0.4141
2.64,4.1,3.95,3,7.38,0.3414
3.31,8.26,4.53,3,9.42,0.4922
2.68,2.56,3.46,6,20.97,0.3257
2.77,4.31,1.76,3,11.93,0.425
3.18,4.48,4.6,3,4.43,0.3919
3.18,6.33,4.32,3,8.18,0.5625
3.4,5.71,3.02,2,3.11,0.3617
3.54,5.4,5.26,4,12.56,0.5256
3.42,5.7,6.44,1,1.69,0.5253
3.02,7.29,3.73,2,1.87,0.3715
2.85,2.97,3.87,10,18.41,0.3751
3.3,6.53,4.46,8,18.67,0.583
2.98,5.46,3.08,2,2.62,0.443
3.39,6.42,3.46,3,0.13,0.5033
2.12,0.58,0.58,0,0.0,0.0
2.92,6.59,4.2,4,8.21,0.4345
3.16,4.06,3.69,6,16.97,0.4832
2.85,4.24,2.76,3,7.77,0.3764
2.65,5.41,3.04,5,7.63,0.3267
3.01,2.6,2.57,1,2.97,0.2454
2.58,4.72,2.93,4,14.77,0.3343
2.32,4.67,2.88,7,18.01,0.3296
3.29,7.59,4.17,5,13.37,0.5321
2.56,2.5,2.03,2,7.53,0.2582
3.11,3.56,1.29,5,17.19,0.328
3.07,5.17,3.06,12,20.81,0.4302
3.02,7.63,3.38,2,3.3,0.5081
2.76,7.15,3.18,6,11.87,0.4687
3.34,5.55,2.97,7,18.0,0.4335
3.16,5.33,4.46,11,20.46,0.48
3.01,5.48,1.87,11,18.24,0.4743
3.35,6.09,3.8,1,3.78,0.4782
2.84,3.69,2.7,4,14.81,0.3285
2.85,6.04,3.74,6,20.36,0.4975
2.48,2.08,2.2,2,5.34,0.2036
2.9,4.31,4.13,6,17.51,0.4642
2.75,2.77,1.79,4,0.84,0.2447
3.32,6.86,2.98,6,12.37,0.5605
3.18,6.47,5.84,4,11.69,0.6217
3.04,6.22,3.56,3,4.18,0.4439
2.92,5.62,3.89,9,17.88,0.4698
3.23,4.4,4.44,9,19.19,0.5597
3.08,7.61,3.53,4,6.67,0.5391
2.76,2.85,2.73,8,20.39,0.394
3.16,4.57,4.61,9,15.98,0.4963
3.72,6.81,6.24,4,9.71,0.6587
2.85,6.35,3.49,2,4.55,0.3652
3.36,6.61,4.53,6,15.66,0.5748
3.24,6.35,5.19,4,14.26,0.5116
2.65,3.25,3.25,0,0.0,0.1635
2.86,8.65,3.04,5,17.75,0.5871
2.81,3.83,3.35,12,21.74,0.4481
3.15,6.29,3.18,1,0.56,0.4416
3.2,5.68,4.57,3,6.81,0.5354
3.55,8.23,4.8,2,1.84,0.5842
2.69,7.95,4.32,1,0.7,0.4398
2.93,6.25,3.32,11,21.25,0.5295
3.11,4.66,3.2,7,21.92,0.4433
3.34,9.04,4.18,6,19.87,0.6856
3.59,8.34,5.88,10,19.51,0.7511
3.38,4.55,3.82,4,5.58,0.4871
3.71,8.11,3.74,2,3.44,0.5825
3.67,7.03,5.62,1,2.95,0.5059
3.98,9.92,9.92,10,20.84,0.9104
3.18,5.91,5.91,5,12.82,0.5478
2.66,7.02,2.65,10,17.63,0.5586
2.92,7.79,2.28,0,0.57,0.3478
2.85,4.39,3.41,2,3.78,0.4328
3.34,6.6,4.57,6,18.17,0.6453
2.36,5.26,2.78,1,1.7,0.2816
3.61,6.39,3.59,7,18.22,0.6102
2.49,3.67,2.84,2,6.97,0.1765
2.64,6.93,2.2,10,17.09,0.4786
2.33,1.66,1.66,0,0.0,0.0447
3.46,3.99,4.52,5,16.86,0.5795
3.0,4.19,2.97,2,6.18,0.3243
2.88,6.08,4.02,3,9.55,0.3652
2.04,0.22,0.22,0,0.0,0.0
2.63,5.88,0.56,3,8.83,0.3239
3.52,8.82,4.95,3,10.14,0.6258
2.72,3.65,2.41,1,3.87,0.2681
2.36,4.58,2.39,1,1.98,0.2575
3.49,8.24,5.13,3,4.68,0.6023
2.96,4.73,1.89,4,12.9,0.423
2.32,5.2,3.85,13,20.61,0.3605
2.89,4.47,4.47,3,9.94,0.4095
2.47,5.95,3.88,2,2.47,0.3364
2.25,3.95,2.4,8,20.52,0.3383
3.06,4.02,3.65,9,19.4,0.4996
3.03,4.27,2.85,5,14.09,0.4154
3.33,2.09,4.65,4,7.82,0.4292
3.89,9.03,6.1,7,12.36,0.7558
2.53,3.83,1.39,6,11.52,0.292
2.95,4.16,4.52,5,6.65,0.3224
2.67,3.37,3.37,0,0.0,0.1725
3.26,5.16,2.75,3,6.9,0.4358
2.81,5.35,4.68,3,8.04,0.4103
2.31,4.64,2.47,1,5.32,0.2008
3.17,5.79,3.74,4,10.44,0.4974
2.95,4.61,5.11,11,21.85,0.4707
2.95,5.05,6.69,7,19.94,0.5624
2.95,6.31,4.27,2,4.15,0.4511
3.51,7.56,7.56,6,16.11,0.6925
2.27,4.79,2.24,4,10.9,0.2263
3.19,7.1,2.98,12,19.96,0.6377
2.98,5.62,3.39,2,9.36,0.4308
3.8,7.55,4.16,2,1.43,0.5865
2.56,4.06,2.4,8,13.78,0.4298
3.34,6.1,5.98,3,1.54,0.3418
3.09,3.96,3.48,3,11.17,0.4431
3.56,6.17,5.24,4,11.14,0.5635
3.23,7.66,5.31,4,11.45,0.6352
3.47,4.88,3.57,3,4.21,0.5205
2.61,5.49,2.49,6,13.9,0.3706
3.12,4.32,3.06,3,4.27,0.3913
3.69,8.46,8.46,10,17.91,0.7873
3.47,6.17,3.74,6,9.87,0.5508
2.79,5.86,3.06,8,18.02,0.3896
2.54,3.7,2.77,3,9.15,0.2672
2.45,3.12,1.4,1,4.91,0.2168
3.5,6.08,5.3,7,11.3,0.5476
3.24,6.21,6.21,7,13.42,0.5852
2.0,3.5,3.03,4,9.93,0.2496
2.52,3.19,2.71,3,8.98,0.2757
2.81,4.03,4.03,2,9.06,0.3603
3.68,7.59,4.08,6,9.01,0.6197
2.93,5.67,4.93,4,5.21,0.4747
3.44,6.93,4.97,5,14.62,0.5287
2.62,5.24,2.84,5,17.64,0.3948
2.82,5.8,2.2,8,18.72,0.5345
3.53,5.97,5.37,5,15.69,0.6252
3.59,5.29,4.43,6,20.72,0.6231
2.85,5.66,4.03,5,0.35,0.4253
2.95,4.04,4.25,6,10.98,0.4726
3.6,6.6,5.08,2,7.68,0.4673
3.52,7.62,7.62,7,16.23,0.7032
3.5,6.76,3.49,1,1.35,0.4468
3.32,7.61,3.76,3,7.7,0.4434
2.72,2.91,3.74,2,5.84,0.1958
3.64,5.74,5.5,5,11.21,0.4654
3.47,7.33,7.33,10,15.67,0.693
2.67,2.41,1.18,2,2.0,0.1522
2.97,6.09,3.59,2,1.29,0.4117
3.32,6.61,6.61,5,14.23,0.6068
3.73,8.66,8.66,10,18.31,0.8042
3.13,4.69,2.96,4,5.84,0.3636
3.08,5.39,5.39,3,11.78,0.487
3.02,4.77,2.41,5,15.0,0.3244
3.48,6.34,3.28,8,20.62,0.6801
3.33,6.16,4.71,3,3.78,0.5086
3.19,5.51,3.95,1,4.34,0.3744
2.21,2.88,2.08,4,14.83,0.2709
2.88,6.09,1.59,4,12.02,0.3611
2.77,5.21,3.86,7,18.34,0.5031
3.6,5.65,2.6,3,5.05,0.4774
2.86,4.46,3.62,4,7.58,0.4294
3.26,6.12,2.75,9,15.58,0.4593
3.08,5.8,5.66,8,16.32,0.6218
2.19,0.94,0.94,0,0.0,0.0
3.24,5.85,3.89,4,11.42,0.3848
2.97,5.37,3.49,8,12.99,0.4377
3.42,8.81,6.21,4,10.83,0.6405
2.45,5.44,2.04,9,13.39,0.3697
2.42,4.78,1.96,9,21.92,0.4249
2.41,2.95,2.76,3,0.05,0.1857
2.23,3.05,1.65,6,18.77,0.3004
2.0,3.99,2.36,3,11.1,0.3055
2.52,2.92,0.4,2,0.15,0.1854
3.86,7.84,6.32,7,12.14,0.6035
3.21,6.01,4.98,1,3.29,0.4518
2.64,4.87,2.01,9,14.93,0.4096
3.41,6.44,3.39,6,8.65,0.5181
2.82,5.35,2.9,8,15.91,0.5358
2.82,4.99,4.52,7,17.51,0.4213
2.18,4.28,3.45,11,17.42,0.3272
3.77,6.35,2.67,11,20.83,0.6246
2.46,3.7,2.56,5,16.8,0.397
3.26,5.06,2.76,3,4.52,0.3648
2.91,4.57,4.57,5,10.14,0.4349
2.72,3.62,2.26,10,19.96,0.3904
3.44,6.6,4.16,2,4.51,0.451
2.26,2.36,2.06,1,3.39,0.1207
3.57,8.05,5.05,10,20.66,0.774
3.57,8.02,4.75,5,14.05,0.5931
2.24,3.0,2.68,9,15.53,0.2456
2.39,2.72,2.5,6,17.99,0.3598
2.53,2.63,2.63,0,0.0,0.1169
2.62,4.54,3.37,6,6.0,0.3892
3.05,3.3,2.99,9,20.6,0.4514
2.61,3.11,1.99,2,1.16,0.2443
2.38,2.24,0.16,7,9.76,0.2047
2.62,5.74,5.03,6,7.37,0.3699
3.03,4.74,4.29,4,5.57,0.5245
3.24,5.86,3.87,1,2.82,0.3899
3.38,5.7,3.24,6,21.34,0.5792
3.98,9.88,9.88,11,20.76,0.9106
2.63,4.47,2.67,6,19.58,0.4292
2.61,5.38,2.55,2,6.33,0.3129
3.74,7.1,6.05,5,16.17,0.6695
2.41,0.0,2.65,3,6.18,0.2502
3.25,4.49,3.6,4,8.62,0.5242
2.88,4.81,2.07,4,15.59,0.349
3.0,5.45,3.78,10,21.93,0.5485
3.17,6.46,4.94,5,7.04,0.5278
3.54,4.68,3.33,13,21.14,0.5918
2.94,3.77,2.69,3,8.91,0.3622
2.85,6.39,2.66,4,10.25,0.3546
3.02,5.52,2.19,2,3.36,0.445
3.26,7.34,5.02,8,16.31,0.5543
3.81,8.62,5.52,4,9.07,0.7343
2.7,5.2,3.78,6,14.85,0.4204
2.68,4.66,3.32,4,0.32,0.3519
3.54,7.18,5.89,5,12.98,0.6512
2.43,5.17,3.03,1,2.47,0.1864
2.46,3.96,2.14,1,1.55,0.1244
2.53,3.51,2.51,2,6.98,0.2397
3.21,6.05,6.05,8,13.1,0.5767
2.26,2.52,0.48,2,1.24,0.1002
2.49,4.76,0.04,5,15.87,0.2582
2.47,3.18,2.71,3,6.59,0.2713
2.6,3.01,3.01,0,0.0,0.1455
2.82,7.37,4.4,6,13.18,0.4593
2.96,4.01,4.24,5,14.13,0.4312
3.41,7.91,6.46,2,2.73,0.4772
2.63,3.17,3.17,0,0.0,0.1575
2.87,4.33,4.33,4,9.66,0.4071
3.4,7.01,7.01,6,15.03,0.647
2.92,5.05,3.09,5,12.04,0.3472
3.11,4.44,2.84,1,3.97,0.3831
2.8,3.6,1.0,3,0.84,0.2966
2.42,4.4,2.13,5,14.57,0.2626
3.14,4.84,3.97,2,8.71,0.406
2.08,2.13,2.74,4,4.17,0.2122
3.01,5.04,3.52,1,1.71,0.3234
3.18,6.91,4.12,6,13.83,0.5097
2.28,2.92,1.71,10,20.7,0.3497
2.68,4.94,2.3,1,1.23,0.2911
3.2,5.6,4.98,2,1.1,0.4217
2.7,2.88,1.39,2,2.17,0.226
3.13,6.44,3.51,3,4.72,0.4835
3.12,5.97,2.79,1,1.65,0.3853
2.74,4.29,2.38,4,9.49,0.2552
2.68,3.48,2.57,6,20.64,0.4222
3.28,3.17,4.61,3,10.47,0.4943
3.03,5.91,3.89,2,3.97,0.3929
2.95,6.02,3.91,7,13.08,0.4287
3.08,5.37,3.81,4,8.8,0.4139
4.0,5.55,5.54,1,2.64,0.5158
3.51,6.58,3.52,2,5.78,0.4668
3.25,6.82,3.53,7,13.46,0.5142
3.25,7.82,4.34,2,4.17,0.4465
2.34,1.68,1.68,0,0.0,0.0463
2.85,5.15,2.82,6,12.97,0.393
2.97,4.36,3.45,6,8.62,0.3942
2.72,0.87,3.38,3,6.86,0.3399
3.68,7.34,4.93,6,17.61,0.6333
2.9,5.89,3.74,3,3.86,0.4563
2.67,3.1,1.72,3,7.01,0.3007
3.5,8.3,3.85,4,11.66,0.5462
3.31,6.25,4.12,9,21.71,0.6759
2.36,3.17,1.86,4,5.96,0.258
2.57,4.85,0.89,4,11.41,0.3206
3.31,5.84,3.36,2,2.98,0.4996
2.93,6.02,3.76,2,8.73,0.4227
2.64,4.8,3.85,3,4.43,0.2987
2.26,4.49,4.01,2,1.24,0.216
3.38,6.91,6.91,9,14.83,0.6536
3.06,6.06,2.88,8,19.05,0.4757
2.26,1.32,1.32,0,0.0,0.0192
2.65,3.25,2.38,8,13.78,0.3919
3.28,5.88,2.41,4,8.82,0.4439
3.89,8.37,4.33,3,4.7,0.6637
3.8,9.02,9.02,8,19.04,0.8261
3.02,4.88,4.86,4,11.82,0.3741
3.2,7.29,3.56,3,8.87,0.4578
2.5,2.51,2.51,0,0.0,0.1079
3.27,6.66,3.51,4,13.24,0.4479
3.19,8.62,2.29,6,10.18,0.4969
2.97,7.16,3.17,8,21.77,0.5563
3.06,6.3,2.86,6,10.91,0.4612
2.35,3.46,1.28,3,2.72,0.2268
2.92,5.76,3.86,11,18.65,0.5218
2.56,4.7,2.73,11,19.19,0.3858
2.76,6.15,3.14,5,15.25,0.4451
3.11,4.89,4.45,5,13.47,0.5078
2.96,4.94,4.27,9,13.77,0.3897
2.51,3.6,2.15,2,4.01,0.1842
2.86,5.86,3.87,3,4.78,0.3646
2.79,3.56,3.39,6,14.8,0.3866
3.61,6.55,4.23,5,7.68,0.5421
3.18,5.49,2.66,7,13.51,0.4363
2.76,2.58,3.93,5,9.39,0.3334
3.37,6.87,6.87,4,14.75,0.6211
2.39,4.01,0.63,7,21.3,0.3093
2.98,4.91,4.91,3,10.82,0.4465
3.45,4.3,2.6,5,7.18,0.4915
2.77,3.5,2.46,1,1.67,0.1823
2.75,4.52,1.75,1,4.88,0.293
3.91,7.55,4.65,1,1.18,0.5672
3.56,7.85,4.4,4,9.4,0.5623
3.54,4.14,4.19,10,19.8,0.6015
3.15,5.27,3.39,7,15.28,0.4349
2.2,0.98,0.98,0,0.0,0.0
2.73,2.93,3.02,7,16.07,0.3429
3.36,6.81,3.05,9,16.26,0.5296
2.9,4.49,4.49,3,9.98,0.4112
2.41,4.88,3.89,2,5.46,0.305
2.91,3.42,2.05,4,14.37,0.3897
2.97,4.83,4.83,3,10.66,0.4398
2.16,0.8,0.8,0,0.0,0.0
2.77,4.88,3.06,5,12.18,0.4356
2.91,3.78,2.79,6,12.38,0.4905
3.24,6.68,4.69,5,16.25,0.5594
2.64,3.69,1.85,1,5.47,0.1855
3.03,4.52,3.56,2,4.38,0.4865
2.8,3.74,3.1,9,19.76,0.4337
2.55,3.67,3.29,8,13.21,0.3859
2.69,5.36,4.08,8,19.4,0.5623
3.15,9.39,3.37,5,16.73,0.6041
3.9,9.31,6.06,9,15.44,0.8276
2.81,4.85,3.33,7,14.65,0.4627
2.6,2.55,1.47,9,16.32,0.3235
3.35,7.55,4.24,10,19.42,0.5855
3.1,4.55,2.16,6,20.46,0.5751
2.59,2.95,2.95,0,0.0,0.1409
3.42,7.2,4.44,3,10.81,0.5405
2.35,6.08,4.53,2,2.22,0.2617
2.59,4.59,3.76,6,9.65,0.4345
3.86,9.28,9.28,9,19.56,0.8524
3.46,6.6,2.54,12,19.97,0.64
3.33,6.55,4.4,7,12.68,0.5911
2.6,4.76,0.86,5,9.52,0.4101
3.13,5.61,3.08,9,14.25,0.3833
2.92,4.74,3.5,7,9.57,0.4267
2.3,1.57,2.79,6,9.85,0.3127
2.94,3.71,2.56,5,14.58,0.4344
2.62,2.34,2.67,3,5.79,0.266
2.95,5.13,2.58,7,12.45,0.4145
3.2,1.59,2.95,13,20.47,0.463
3.0,2.51,2.65,1,5.45,0.2966
2.0,2.76,2.46,2,6.64,0.1237
2.38,1.92,1.92,0,0.0,0.0643
3.02,2.74,5.83,3,8.27,0.3668
3.35,5.42,2.83,4,6.72,0.5105
2.54,5.9,3.69,10,16.39,0.4583
2.93,5.48,3.2,6,17.8,0.4435
3.04,6.56,3.33,9,18.29,0.5497
2.73,2.96,2.49,5,0.08,0.3215
3.7,8.52,8.52,8,18.03,0.784
2.05,2.25,1.38,6,16.42,0.2571
3.32,9.86,6.68,6,13.97,0.7252
2.62,5.35,3.68,7,15.78,0.4417
2.62,3.11,3.11,0,0.0,0.153
2.14,4.25,2.57,1,5.95,0.1828
2.54,4.74,2.8,3,11.71,0.2648
3.5,6.81,3.28,6,20.57,0.6494
2.89,8.47,3.55,3,4.3,0.4031
2.74,5.41,2.82,1,5.38,0.3166
3.17,5.95,3.9,1,4.69,0.4201
3.16,6.61,3.79,6,14.38,0.5055
3.5,5.64,4.81,8,13.47,0.6309
3.32,3.36,2.29,5,7.07,0.3449
2.55,5.23,2.83,1,2.89,0.2904
2.84,5.56,1.87,6,8.79,0.4068
3.53,6.1,4.69,1,4.71,0.4795
2.5,2.81,1.59,3,10.09,0.346
3.31,9.04,6.17,8,19.82,0.6725
3.05,5.27,5.27,7,11.54,0.506
3.56,9.58,5.46,6,9.2,0.6978
3.6,9.48,5.21,4,8.33,0.6406
3.01,3.16,2.51,6,13.1,0.347
2.48,3.87,2.45,7,15.41,0.2773
3.25,5.49,4.35,6,11.09,0.5483
3.03,6.1,4.63,2,1.73,0.3021
2.74,1.52,2.35,11,18.84,0.372
3.12,6.09,4.15,8,19.93,0.5288
2.68,4.21,3.79,4,10.61,0.2905
3.29,5.8,5.21,8,19.01,0.6066
3.09,5.45,5.45,6,11.9,0.5156
2.55,4.54,4.24,2,3.27,0.2752
2.39,3.39,3.6,3,5.95,0.2767
3.08,5.9,4.09,2,0.83,0.3921
2.21,1.06,1.06,0,0.0,0.0
3.28,3.98,5.05,1,1.9,0.4574
2.75,8.78,2.81,1,2.95,0.4049
3.52,5.67,4.99,4,12.5,0.5812
2.71,3.59,3.27,2,9.12,0.2609
2.18,1.92,2.46,4,9.88,0.2006
3.22,5.07,3.92,7,11.75,0.5762
2.37,4.19,2.15,11,19.81,0.3901
3.47,5.27,4.58,3,6.98,0.4522
3.6,7.59,4.86,5,15.7,0.6121
3.28,5.5,3.15,12,19.67,0.5433
3.67,8.34,8.34,9,17.67,0.7732
2.86,5.48,3.84,10,16.97,0.4038
2.95,5.44,3.92,7,12.62,0.4069
3.09,6.8,4.44,4,7.67,0.5004
2.71,4.37,3.09,4,5.52,0.2722
2.95,4.06,3.44,1,0.81,0.3272
3.4,6.05,3.88,2,9.24,0.4964
2.44,1.89,2.85,9,14.88,0.3733
3.35,6.75,6.75,5,14.51,0.6186
2.2,1.02,1.02,0,0.0,0.0
2.56,0.75,2.27,6,9.3,0.1961
3.2,5.72,3.68,9,14.31,0.4992
3.07,5.2,2.72,12,20.36,0.4134
2.76,7.56,5.05,4,14.53,0.4543
3.07,5.32,4.11,3,5.99,0.3772
2.39,4.38,1.48,11,18.65,0.2665
2.0,1.94,1.88,4,7.36,0.149
3.13,5.65,5.65,3,12.3,0.5089
3.04,3.71,2.49,10,15.18,0.3814
3.08,3.46,2.16,8,15.39,0.4494
2.77,4.04,3.56,4,10.17,0.3015
2.86,4.45,4.11,7,16.91,0.45
3.13,5.91,1.71,8,16.85,0.5032
3.33,6.21,4.04,3,7.43,0.4469
2.82,4.35,2.82,10,14.98,0.3483
2.2,3.2,1.3,2,0.22,0.175
2.91,4.51,2.41,5,12.82,0.3634
3.14,5.14,2.81,1,5.44,0.4055
3.35,5.97,5.06,2,2.45,0.5085
3.07,5.93,1.55,6,16.6,0.4478
3.05,6.04,4.5,11,17.11,0.5067
3.12,4.29,3.6,2,7.32,0.3177
3.52,5.39,3.22,5,10.76,0.4962
3.52,8.21,3.95,1,5.88,0.5327
2.26,4.85,2.77,5,17.37,0.2056
3.09,6.65,4.34,6,16.62,0.4534
3.83,3.98,4.53,2,2.29,0.5327
3.04,6.57,2.26,9,13.22,0.5363
3.21,6.07,6.07,6,13.14,0.5678
2.53,3.44,1.46,2,0.65,0.1967
2.79,3.95,3.95,5,8.9,0.3827
2.71,2.28,2.86,13,20.99,0.2158
3.21,6.51,4.39,5,12.29,0.5078
2.92,4.59,4.59,6,10.18,0.4431
2.0,3.53,3.23,2,2.11,0.3223
2.81,6.17,3.2,8,13.79,0.4437
2.59,4.8,2.36,9,19.37,0.3966
3.1,5.53,2.93,2,1.38,0.3798
3.8,6.68,4.39,1,3.03,0.5962
2.6,4.37,2.17,1,0.44,0.1648
2.23,4.88,2.37,1,0.71,0.1942
3.5,6.68,3.11,2,1.77,0.5243
3.17,7.16,3.53,10,16.59,0.5491
3.48,7.97,5.13,1,3.02,0.536
3.3,4.32,3.44,9,15.94,0.4943
2.76,5.77,2.87,7,18.81,0.443
2.72,6.1,2.98,3,10.2,0.3314
2.52,3.61,1.26,6,12.95,0.254
2.95,4.48,4.23,4,13.41,0.3785
3.35,5.22,4.43,3,4.17,0.4864
3.44,7.99,4.83,1,0.39,0.5012
3.1,7.14,4.47,2,3.83,0.479
2.64,4.62,2.97,6,12.72,0.4646
2.95,6.67,3.58,4,12.95,0.5227
2.95,5.48,5.13,1,1.65,0.3871
2.51,2.55,2.55,0,0.0,0.1109
3.39,6.91,4.98,7,18.39,0.6411
3.48,8.99,4.97,6,18.97,0.6454
2.29,2.33,2.38,4,13.34,0.2301
3.32,5.16,2.82,4,5.14,0.5581
3.04,5.6,4.52,11,19.52,0.5335
2.77,5.86,3.33,6,11.05,0.3932
3.14,5.71,5.71,7,12.42,0.5431
2.27,1.36,1.36,0,0.0,0.0222
3.37,6.83,6.83,7,14.67,0.6375
2.32,1.62,1.62,0,0.0,0.0417
3.09,3.67,2.96,6,15.44,0.5526
2.11,4.39,3.51,5,17.91,0.3639
2.75,3.85,1.42,1,0.02,0.2901
3.75,8.76,4.72,1,3.54,0.5367
2.49,4.52,3.25,5,6.39,0.3337
3.38,4.11,4.87,1,5.92,0.4866
2.87,6.47,5.25,3,0.4,0.38
3.02,6.44,3.77,7,12.89,0.4699
3.72,5.58,5.54,11,20.44,0.7185
2.85,4.77,3.43,4,4.4,0.3057
2.97,4.28,2.06,6,15.14,0.4631
2.54,1.5,1.02,2,1.2,0.1538
3.08,5.64,2.23,11,20.67,0.5634
3.2,6.72,5.16,7,17.93,0.6644
3.22,6.93,3.19,3,1.98,0.457
3.54,7.35,4.71,9,17.72,0.5667
3.03,5.89,4.09,8,12.38,0.4652
2.82,4.43,2.31,1,1.19,0.2959
3.86,7.31,4.48,10,18.43,0.6717
2.26,1.49,1.01,4,15.12,0.2428
3.44,7.92,3.24,1,3.45,0.4935
2.65,3.72,2.83,1,2.2,0.3304
3.4,6.33,2.79,2,0.61,0.5321
2.71,3.73,3.12,10,16.76,0.3307
2.94,3.65,1.95,3,0.73,0.2516
3.49,7.43,7.43,7,15.87,0.688
2.32,1.6,1.6,0,0.0,0.0402
2.56,2.64,2.02,7,17.21,0.4181
3.27,5.08,4.89,6,12.57,0.5948
3.06,5.53,5.32,2,6.82,0.4674
2.4,1.98,1.98,0,0.0,0.0688
2.02,0.12,0.12,0,0.0,0.0
3.0,6.19,2.79,12,21.94,0.5807
2.68,4.37,3.79,7,16.3,0.482
2.8,3.93,4.78,9,12.65,0.4369
3.08,6.29,3.91,8,19.95,0.4749
3.2,6.69,3.96,7,19.15,0.6024
3.62,8.08,8.08,10,17.15,0.7553
3.44,7.55,3.78,5,10.34,0.557
3.65,8.26,8.26,5,17.51,0.745
2.7,3.78,2.35,5,6.98,0.3517
2.83,5.94,2.87,9,17.41,0.513
2.77,8.69,4.43,3,6.41,0.5517
3.23,5.71,4.46,5,14.86,0.4331
2.92,3.01,3.14,4,5.86,0.2966
2.74,5.39,3.01,7,21.62,0.4728
3.32,7.09,3.46,8,19.18,0.6456
2.69,3.24,1.2,6,12.72,0.383
3.84,6.24,4.24,2,3.2,0.5617
2.43,4.57,0.96,3,10.14,0.3838
2.69,3.5,2.29,6,17.38,0.3836
3.39,4.6,3.61,10,20.69,0.5261
2.68,3.41,3.41,0,0.0,0.1755
3.06,7.3,4.42,4,15.05,0.5332
2.66,4.78,1.74,3,12.21,0.2401
2.43,2.41,1.58,7,16.28,0.3012
3.28,7.31,4.98,1,3.26,0.4531
2.15,5.64,3.52,2,2.12,0.2756
3.66,6.82,4.08,8,11.92,0.569
2.75,3.27,1.84,12,19.91,0.3901
3.19,4.99,4.05,2,7.58,0.3879
3.09,5.73,4.34,2,1.5,0.3551
3.6,7.21,4.45,5,0.8,0.621
2.83,3.28,3.79,4,13.24,0.4398
3.3,6.65,3.3,8,19.85,0.554
2.44,4.77,3.26,2,7.49,0.3426
3.21,5.51,4.29,6,15.09,0.5378
3.09,3.74,3.4,3,9.56,0.48
3.96,7.39,6.13,6,11.9,0.7029
3.43,5.84,5.77,6,13.55,0.5989
3.11,4.37,1.56,1,3.4,0.3182
3.34,5.11,2.48,6,7.52,0.4106
3.93,9.13,5.04,4,14.24,0.6851
2.67,5.0,3.26,6,17.04,0.4056
3.32,3.44,3.36,6,13.85,0.4416
2.92,5.0,4.15,2,8.52,0.2643
3.79,7.66,7.02,2,7.67,0.6085
2.48,2.42,2.42,0,0.0,0.1019
2.39,2.25,2.7,2,5.8,0.2275
2.97,4.78,2.95,3,8.89,0.4058
2.15,3.15,2.98,5,15.05,0.3793
4.0,9.76,4.74,2,2.9,0.6506
2.68,3.71,3.16,1,4.89,0.2947
3.56,6.76,3.71,9,15.14,0.6118
3.23,6.71,4.87,9,14.4,0.596
3.27,5.52,4.0,4,6.0,0.4768
2.85,5.04,3.07,4,5.84,0.2844
2.84,8.87,5.53,10,21.94,0.5692
2.47,5.35,1.83,1,3.52,0.2883
2.5,4.9,3.07,8,15.75,0.5097
2.34,3.94,3.33,2,0.28,0.2546
2.52,3.76,2.37,2,7.6,0.2423
3.43,5.75,4.84,5,11.16,0.6123
2.64,1.79,1.13,5,13.17,0.2868
3.51,7.54,7.54,7,16.07,0.6964
3.01,3.63,2.44,4,8.8,0.3236
2.71,5.7,4.0,6,21.01,0.4406
3.04,7.02,4.69,9,15.5,0.5541
2.91,5.37,3.93,0,0.09,0.1782
3.58,5.91,3.45,1,1.79,0.3973
2.65,4.28,1.95,12,21.06,0.5095
3.62,6.62,5.86,10,20.38,0.6787
2.54,5.63,3.71,1,4.8,0.2543
3.27,6.78,2.5,5,16.18,0.5569
2.04,4.01,3.16,8,14.4,0.2749
2.65,2.94,1.6,2,2.37,0.2366
3.01,5.93,3.35,3,8.46,0.3795
2.99,7.37,4.2,7,21.41,0.4698
3.28,5.57,3.03,2,3.5,0.4723
3.04,5.43,4.37,7,16.08,0.5122
3.29,7.08,4.91,4,11.96,0.5271
2.35,1.76,1.76,0,0.0,0.0523
3.85,6.48,3.93,4,14.98,0.6205
3.79,7.29,3.66,6,10.42,0.6509
3.04,3.84,2.85,4,5.66,0.3808
2.68,5.64,3.02,6,14.01,0.4411
3.16,7.58,3.91,4,14.07,0.4723
2.28,3.32,2.91,12,19.49,0.4163
2.6,4.22,2.94,7,17.08,0.3501
3.25,5.9,2.6,9,20.14,0.6262
3.19,8.33,5.15,8,11.9,0.6
2.62,2.36,3.17,9,16.55,0.3841
3.05,5.08,2.61,4,5.75,0.4097
2.69,5.39,2.12,3,2.51,0.2588
2.98,2.94,3.22,3,9.0,0.3915
2.6,5.65,1.69,1,2.49,0.2514
2.98,5.61,4.19,8,15.03,0.5674
3.23,9.63,3.89,2,9.3,0.528
2.78,5.72,2.98,2,3.68,0.3076
3.44,4.83,4.32,1,2.07,0.5392
3.05,5.71,3.8,1,5.04,0.2814
2.73,3.67,3.67,4,8.33,0.3514
3.13,6.8,4.31,3,3.03,0.506
2.41,3.92,1.66,6,17.45,0.3211
3.07,6.31,5.0,5,10.81,0.5352
3.1,6.66,4.18,3,2.82,0.4989
3.18,6.8,4.16,7,17.22,0.486
3.03,5.32,1.36,10,21.9,0.4363
3.74,8.72,8.72,10,18.43,0.8092
2.84,5.57,2.49,1,5.44,0.3609
2.41,2.72,2.95,2,6.91,0.2012
3.72,7.88,6.09,7,13.94,0.7237
3.09,6.86,4.1,2,1.98,0.4462
2.48,3.49,3.68,6,13.34,0.383
2.94,6.27,5.43,1,5.66,0.5024
2.42,4.18,4.13,1,1.91,0.2462
3.43,6.11,3.67,7,18.89,0.6311
2.59,4.23,3.83,2,4.26,0.3028
2.96,4.92,6.01,3,5.55,0.4106
3.77,7.72,2.39,1,5.66,0.4997
2.92,2.92,2.02,1,0.56,0.2767
3.67,8.07,4.83,7,13.32,0.6913
3.88,9.4,9.4,11,19.8,0.8702
2.57,6.06,1.97,1,4.13,0.2943
2.74,5.69,3.89,1,5.34,0.3269
2.79,4.46,2.53,1,1.77,0.243
3.34,7.77,4.49,5,12.07,0.5033
2.51,5.33,2.0,6,16.8,0.3168
3.2,5.59,4.0,3,0.4,0.4284
3.03,4.55,4.0,4,10.37,0.4616
3.27,4.68,3.51,3,5.05,0.3896
3.7,8.98,6.29,9,18.78,0.794
2.63,6.91,3.0,5,9.79,0.3623
2.67,3.61,3.06,10,16.05,0.4201
3.56,7.01,5.14,4,8.72,0.5734
2.84,4.93,2.82,3,10.23,0.4089
3.07,2.49,3.85,7,12.27,0.4547
2.87,5.44,2.21,2,1.27,0.4057
2.4,2.0,2.0,0,0.0,0.0703
3.47,4.75,3.8,5,13.59,0.4222
3.35,6.73,4.88,6,12.14,0.5533
4.0,6.48,6.67,10,14.93,0.7464
2.83,5.9,3.43,10,21.1,0.6234
3.2,5.71,4.32,4,11.43,0.447
3.26,7.23,3.1,9,17.99,0.63
2.77,6.82,3.81,2,1.51,0.4052
3.1,5.41,4.07,3,4.73,0.4603
2.97,3.62,2.87,7,21.64,0.3494
2.46,4.74,1.01,2,5.5,0.2707
3.32,5.2,2.79,5,9.93,0.5755
3.32,4.21,2.52,5,18.31,0.4078
3.33,6.6,4.89,6,17.86,0.6666
2.96,7.65,5.58,2,3.28,0.4757
3.67,7.13,5.74,9,19.11,0.7505
2.88,4.42,3.97,4,5.18,0.2867
2.45,4.36,2.49,2,4.7,0.2852
3.07,7.2,4.37,4,8.72,0.5464
3.33,8.71,4.77,8,15.81,0.6799
3.39,7.29,4.91,10,17.48,0.6564
2.17,2.64,1.93,6,20.24,0.2316
3.1,3.9,3.27,7,11.74,0.5428
2.56,2.83,1.91,2,4.01,0.2233
3.9,8.53,4.32,5,13.38,0.612
3.28,7.6,6.82,4,10.53,0.522
2.67,2.24,2.46,3,7.81,0.1969
3.03,6.73,4.11,8,19.32,0.6419
2.85,2.98,1.41,8,14.25,0.3895
2.65,3.54,1.95,6,13.19,0.2736
3.77,5.68,5.14,3,8.58,0.5282
3.28,6.36,4.09,8,15.5,0.595
2.8,4.14,1.47,4,9.58,0.3162
3.22,6.97,5.44,6,9.17,0.547
3.03,5.87,4.41,5,7.38,0.5242
2.66,2.86,2.43,4,6.8,0.3354
3.26,8.28,4.24,7,10.35,0.5157
3.16,3.8,3.31,1,2.1,0.461
2.76,4.48,3.59,2,1.4,0.2443
2.22,3.78,2.44,7,10.93,0.2081
3.07,6.36,4.58,3,0.92,0.3951
3.3,6.72,4.19,1,4.28,0.4563
3.0,4.87,3.74,2,0.62,0.3371
2.0,1.01,1.76,11,21.99,0.126
2.52,2.59,2.59,0,0.0,0.1139
3.24,5.31,3.88,9,17.18,0.5796
3.52,7.58,7.58,6,16.15,0.6942
2.92,4.95,4.81,5,8.77,0.3965
2.48,2.4,2.4,0,0.0,0.1004
2.98,4.02,2.58,6,8.68,0.3939
3.03,8.43,2.83,8,18.05,0.5571
3.13,4.98,3.56,3,9.69,0.3985
3.52,7.85,4.36,4,11.26,0.5937
2.94,4.35,3.04,6,11.96,0.4256
2.43,2.37,2.54,3,11.4,0.1899
3.49,7.47,7.47,6,15.95,0.6858
2.91,5.68,3.47,11,17.81,0.511
2.37,2.11,0.98,9,16.53,0.1754
3.15,3.52,4.66,9,18.89,0.6122
2.76,5.01,1.6,3,10.42,0.3784
2.94,6.75,4.05,6,21.69,0.5011
2.96,3.92,2.43,9,13.23,0.4834
3.12,7.81,5.25,1,4.11,0.5325
2.52,3.07,3.51,5,12.34,0.3356
3.0,2.52,3.22,8,14.35,0.401
3.36,6.52,3.46,2,4.44,0.4036
2.77,4.43,3.4,7,18.83,0.45
2.76,3.35,2.4,6,17.43,0.4517
3.66,5.91,5.82,6,16.03,0.6335
2.52,2.51,3.73,5,14.3,0.3753
3.13,9.7,5.43,3,8.08,0.5812
3.27,6.35,3.1,3,6.34,0.4279
2.8,4.07,2.08,3,10.42,0.4163
3.48,7.41,7.41,9,15.83,0.6957
3.05,4.99,3.01,11,21.47,0.4729
2.93,5.35,2.17,1,4.48,0.3372
2.84,4.83,2.39,6,14.27,0.5365
2.87,5.91,3.39,10,16.92,0.5762
3.29,5.89,2.83,10,17.3,0.5371
3.5,7.52,5.58,1,2.27,0.4986
3.02,6.17,5.5,9,19.75,0.5152
3.09,4.96,4.0,10,17.55,0.5116
2.25,2.43,1.9,3,5.99,0.1909
2.53,3.97,3.53,1,3.38,0.1822
3.16,4.7,3.72,4,10.75,0.4988
2.85,3.75,0.0,2,1.47,0.2319
3.15,6.13,2.9,3,1.86,0.4808
2.92,6.29,3.14,3,10.39,0.5002
3.56,7.82,7.82,5,16.63,0.7079
2.17,3.48,0.89,1,4.82,0.1394
2.0,3.63,1.93,7,12.98,0.2227
2.45,4.02,1.9,2,2.91,0.2171
2.97,5.26,5.57,8,13.57,0.4639
3.45,6.89,4.23,11,18.91,0.5945
2.61,3.04,2.62,5,11.0,0.2829
3.11,4.55,2.52,3,9.88,0.442
2.28,4.19,2.44,9,13.39,0.3574
3.33,6.67,3.24,10,16.82,0.5942
3.44,9.53,4.97,3,5.07,0.4834
3.54,8.32,4.81,9,17.27,0.6346
2.9,3.96,3.5,5,6.51,0.3563
2.71,3.89,2.9,6,20.09,0.3716
3.01,4.69,3.24,3,1.44,0.3331
2.29,5.12,3.22,10,14.74,0.3873
3.44,5.56,4.56,2,8.49,0.5091
3.5,7.46,4.63,6,19.7,0.6419
3.99,7.19,4.64,7,15.34,0.5957
2.8,4.01,4.01,3,9.02,0.3707
3.21,4.71,3.82,1,1.16,0.3657
2.58,5.19,3.68,5,14.44,0.4321
3.19,5.51,4.95,2,7.18,0.4595
2.59,5.75,3.5,6,21.51,0.4455
2.31,1.56,1.56,0,0.0,0.0372
3.18,6.48,5.34,7,15.77,0.5973
2.81,4.07,0.92,3,3.87,0.2673
3.07,4.2,2.98,6,11.27,0.4501
2.48,1.07,1.63,10,18.55,0.1564
2.55,5.79,3.76,7,19.07,0.3869
3.34,4.47,4.49,10,19.37,0.5385
3.37,6.79,4.02,3,4.74,0.5757
2.0,2.12,0.13,6,9.67,0.1167
2.97,5.21,2.41,7,16.89,0.3688
3.42,6.93,5.61,9,14.58,0.588
3.29,6.43,6.43,8,13.87,0.6087
2.73,5.95,3.05,2,5.66,0.411
2.46,3.4,1.88,4,0.08,0.1751
3.53,7.78,3.89,5,12.16,0.6645
2.92,7.01,3.97,2,4.09,0.4763
2.98,6.89,2.64,10,16.31,0.5445
3.3,5.98,3.6,8,18.0,0.6873
2.32,0.84,3.19,8,17.68,0.3481
2.3,2.75,2.1,11,19.61,0.3361
2.85,5.37,3.24,7,11.0,0.4524
3.43,4.97,3.04,4,15.02,0.5065
3.44,8.22,6.0,6,11.17,0.6325
2.92,4.12,3.35,4,10.93,0.4041
2.53,4.45,0.67,7,15.33,0.3676
3.67,8.3,4.43,7,21.0,0.6962
2.29,2.26,1.89,1,0.41,0.152
2.64,3.42,2.43,9,17.15,0.3517
3.43,6.82,4.99,3,8.39,0.5484
3.11,5.85,3.55,6,19.61,0.5719
3.82,9.1,9.1,9,19.2,0.8373
3.74,5.85,4.24,3,7.67,0.5325
2.75,5.07,2.68,6,10.63,0.3814
2.81,4.05,4.05,2,9.1,0.362
3.15,6.82,5.56,11,18.2,0.5396
3.29,4.6,2.62,10,21.38,0.5541
2.4,1.24,3.1,2,1.68,0.1893
2.97,3.25,1.96,12,20.63,0.3359
3.38,6.84,5.44,2,2.06,0.4279
2.92,4.86,3.8,3,0.99,0.3158
2.28,3.49,2.0,1,1.04,0.1457
2.96,5.93,4.01,8,18.33,0.5147
3.07,4.97,3.72,5,6.83,0.4394
2.73,3.84,3.26,8,15.26,0.43
2.18,4.05,1.39,9,15.23,0.3029
3.42,7.89,4.26,1,3.96,0.5297
3.07,5.35,5.35,4,11.7,0.493
2.89,4.82,1.68,2,5.09,0.3037
3.21,8.82,4.03,8,15.07,0.5527
2.7,3.51,3.51,2,8.01,0.3165
2.93,4.77,2.12,4,8.75,0.4018
3.23,6.77,3.46,4,8.36,0.5049
2.96,4.81,4.81,3,10.62,0.4381
3.82,9.08,9.08,10,19.16,0.8396
2.99,4.01,4.36,3,10.99,0.4324
2.73,3.74,2.54,5,12.79,0.4021
3.17,2.81,1.22,4,5.57,0.3313
2.95,3.54,2.6,4,14.92,0.3666
3.74,8.7,8.7,11,18.39,0.8112
2.58,5.35,1.78,3,2.06,0.2974
2.33,4.12,3.71,6,12.4,0.3529
2.36,2.62,1.13,2,1.57,0.1042
3.4,7.32,5.25,1,3.65,0.5114
2.56,4.33,1.95,8,19.69,0.3818
3.11,7.46,3.98,10,17.53,0.5573
3.3,5.33,3.1,3,5.29,0.3922
3.19,3.98,1.46,9,17.32,0.3786
2.88,5.61,4.04,4,9.05,0.3643
2.19,5.29,3.05,2,1.62,0.2747
3.24,5.08,4.5,6,14.22,0.5108
2.15,0.66,2.03,5,10.69,0.1846
3.09,3.99,2.64,1,2.25,0.2635
2.68,6.44,3.0,4,14.3,0.443
2.79,2.01,2.0,2,1.78,0.1922
2.58,2.16,2.23,5,13.08,0.2867
2.63,4.25,3.03,9,19.18,0.4538
2.52,2.22,1.4,11,20.58,0.4254
3.2,6.94,4.52,4,6.32,0.5292
2.78,5.8,4.93,8,16.81,0.4171
3.07,5.7,5.18,7,16.79,0.5239
3.34,5.31,4.47,3,2.68,0.4809
3.68,5.39,3.61,2,6.4,0.4667
2.83,6.49,4.56,2,2.55,0.429
2.79,5.31,3.36,4,11.31,0.4373
2.25,3.0,0.81,4,11.57,0.1993
3.19,6.6,2.31,2,4.1,0.3685
3.55,6.46,4.2,3,4.69,0.5578
3.19,5.95,5.95,7,12.9,0.5633
3.76,6.71,3.96,6,19.49,0.6851
2.82,7.46,4.81,2,2.11,0.3916
2.63,5.53,4.21,5,11.9,0.4115
2.99,5.28,3.42,4,4.91,0.2446
3.2,5.55,5.11,3,10.13,0.4954
3.27,4.85,5.02,7,21.04,0.5718
2.02,0.08,0.08,0,0.0,0.0
3.22,3.95,3.75,3,8.89,0.5042
2.5,0.89,1.7,4,10.74,0.2443
3.53,6.18,3.52,3,7.75,0.3612
3.54,6.52,4.9,4,8.56,0.5727
3.53,5.37,3.77,9,14.66,0.6458
3.27,5.47,3.46,1,0.43,0.3495
2.18,3.38,2.42,6,18.35,0.3228
3.12,6.84,3.4,6,8.91,0.4551
3.33,6.7,4.84,3,4.55,0.4744
2.62,2.66,1.17,10,17.45,0.3066
2.75,2.57,2.04,2,6.35,0.2497
2.89,5.81,4.1,3,2.92,0.4083
3.07,6.42,3.89,10,20.0,0.6009
3.66,8.32,8.32,6,17.63,0.7565
2.48,4.64,2.42,2,1.82,0.1871
3.01,7.31,4.95,3,5.4,0.5004
2.47,4.16,1.61,8,12.96,0.2824
2.72,3.64,2.04,4,4.12,0.2612
2.46,4.66,2.82,1,5.34,0.186
3.92,7.31,6.07,3,2.29,0.646
2.55,5.6,2.6,13,21.63,0.4414
3.38,6.8,2.66,5,14.0,0.5419
3.79,5.45,4.94,1,1.07,0.4758
2.74,1.48,3.21,5,11.97,0.3629
2.78,4.81,2.85,1,1.94,0.3026
2.19,2.24,1.44,5,10.17,0.2643
3.06,7.13,4.66,11,18.42,0.6581
2.39,4.61,3.53,10,19.56,0.4115
3.9,8.19,5.04,4,14.87,0.6066
2.96,2.89,2.39,4,6.64,0.2701
2.27,1.6,0.92,2,1.21,0.0661
3.42,7.06,3.79,4,13.29,0.5297
3.4,5.1,4.99,4,8.79,0.5067
3.45,6.36,3.38,9,21.08,0.6277
3.38,4.27,4.83,5,8.21,0.4484
3.61,6.83,6.39,4,12.29,0.7052
2.94,4.84,3.13,11,19.98,0.5865
3.33,6.67,6.67,9,14.35,0.6333
2.4,5.9,2.26,4,9.79,0.4045
3.18,8.12,4.77,3,0.69,0.4312
3.11,6.01,4.68,6,13.34,0.5439
2.99,3.3,2.43,5,18.55,0.3841
3.18,5.29,4.86,1,1.9,0.3529
2.83,4.48,3.1,3,10.27,0.3542
3.59,7.08,3.41,1,6.24,0.5289
3.12,4.22,3.59,1,2.22,0.3038
3.35,5.52,3.47,6,13.92,0.5712
2.53,5.55,4.22,3,5.3,0.373
2.98,4.74,2.16,9,19.68,0.4339
3.07,5.37,5.37,5,11.74,0.5023
3.0,8.06,3.67,8,13.6,0.6002
2.98,3.67,1.68,3,12.15,0.3949
3.52,7.45,5.07,1,0.54,0.4781
2.91,2.67,1.99,1,1.5,0.1417
2.84,5.6,1.39,2,9.11,0.4079
3.94,9.72,9.72,10,20.44,0.8935
3.27,7.58,4.7,10,15.61,0.6567
3.78,7.61,3.54,11,20.12,0.7513
3.16,5.21,4.07,5,7.97,0.4702
2.97,5.97,3.69,6,18.27,0.5494
3.27,6.24,4.48,6,12.35,0.5487
3.11,5.73,2.69,10,17.59,0.5212
2.15,0.76,0.76,0,0.0,0.0
3.41,4.72,1.89,1,2.04,0.36
2.57,2.52,0.82,3,7.48,0.1819
2.59,5.29,2.08,2,1.26,0.2515
3.11,6.06,3.91,2,0.06,0.3497
2.68,1.91,1.66,7,14.54,0.3721
2.77,4.92,3.73,5,11.2,0.4048
3.23,7.6,4.72,4,4.68,0.4594
2.53,4.35,1.42,9,21.64,0.2777
2.98,5.85,3.76,3,7.29,0.4621
3.07,6.66,4.34,6,13.43,0.5987
3.3,6.34,4.76,4,12.92,0.572
2.85,3.3,2.58,5,11.87,0.3877
3.1,6.24,3.37,8,13.73,0.4692
3.52,7.74,6.79,7,8.75,0.6713
3.04,4.43,4.82,2,1.97,0.4731
2.4,4.33,3.79,10,15.9,0.3563
2.77,4.8,3.65,5,8.9,0.3928
3.11,7.69,4.71,3,6.04,0.4614
3.55,7.45,3.96,1,2.54,0.4606
2.67,5.55,2.91,10,19.68,0.4635
2.94,3.22,1.98,10,20.69,0.452
2.42,2.12,2.12,0,0.0,0.0793
3.76,6.35,4.8,5,7.03,0.5349
3.1,6.1,3.42,7,15.63,0.5442
3.09,6.09,3.75,7,18.51,0.5033
3.6,8.0,8.0,9,16.99,0.7446
3.65,6.61,4.28,4,14.22,0.5425
3.18,6.28,4.82,9,20.7,0.5872
2.98,5.58,4.04,6,14.32,0.5338
3.0,6.64,4.59,1,1.69,0.5342
3.22,5.98,2.8,2,4.54,0.3662
2.28,3.38,0.01,6,14.94,0.1934
2.97,5.6,3.72,2,6.66,0.409
2.78,3.91,2.83,5,9.95,0.3941
3.09,5.47,5.47,3,11.94,0.4937
2.98,6.3,2.11,9,19.98,0.5162
2.84,2.69,2.43,7,14.93,0.3615
2.52,3.53,3.07,10,18.74,0.347
3.09,6.9,3.05,2,9.26,0.4646
3.12,6.88,2.26,11,19.99,0.6354
2.34,4.45,3.29,10,20.38,0.3798
2.0,2.64,1.55,2,6.31,0.0505
2.55,2.4,2.17,4,5.77,0.2698
2.69,5.0,2.82,5,0.8,0.2942
3.48,9.46,5.85,2,8.74,0.584
3.13,5.63,5.63,7,12.26,0.5363
3.56,7.54,5.03,6,17.87,0.5411
2.85,4.75,4.18,10,16.36,0.5541
2.49,3.71,1.99,1,5.83,0.2199
2.44,2.35,2.7,5,15.44,0.2802
3.35,7.47,4.96,6,15.07,0.5134
2.57,1.68,2.75,8,18.36,0.3818
2.97,4.1,1.75,6,20.48,0.3924
2.31,2.79,2.74,5,14.13,0.3252
3.46,5.76,2.41,5,16.23,0.4815
2.75,4.55,1.85,1,0.1,0.2344
3.45,7.27,7.27,10,15.55,0.6879
3.24,5.97,2.41,5,7.29,0.459
2.9,3.92,1.75,11,17.65,0.4414
3.37,6.85,6.85,7,14.71,0.6391
2.76,4.99,3.6,2,3.0,0.3879
2.55,2.77,2.77,0,0.0,0.1274
2.81,2.87,2.15,4,6.36,0.3678
3.51,7.48,6.16,8,17.49,0.6935
2.57,7.74,3.21,9,15.07,0.5507
2.95,4.87,2.26,11,20.84,0.4529
3.36,6.78,4.68,8,12.74,0.6017
2.67,2.67,2.9,11,18.59,0.3973
3.16,3.5,3.28,7,13.06,0.3742
3.84,7.41,4.4,4,6.82,0.5901
3.83,6.47,6.32,4,3.93,0.6555
3.14,4.69,4.31,5,11.03,0.4497
2.54,2.93,1.17,4,10.75,0.1986
3.8,8.34,3.58,3,4.13,0.5298
2.35,3.97,2.65,4,11.3,0.3947
2.36,3.08,3.35,6,9.48,0.2786
2.63,5.13,4.35,4,13.66,0.4104
2.84,6.27,5.25,4,11.04,0.521
3.8,9.8,4.97,12,19.38,0.7838
3.04,4.8,3.48,1,3.81,0.2433
2.61,2.88,1.93,4,9.09,0.3099
2.56,4.63,3.61,11,17.07,0.5386
3.53,7.89,4.5,9,16.8,0.6251
2.14,0.7,0.7,0,0.0,0.0
2.68,4.48,3.41,6,16.93,0.4341
3.78,6.73,4.29,2,3.37,0.5503
2.76,2.72,1.69,9,20.07,0.3904
3.36,7.56,5.66,4,13.23,0.6067
2.45,7.43,4.83,6,19.63,0.5157
3.13,5.83,5.38,2,2.78,0.3893
3.5,5.71,4.9,1,1.32,0.5885
3.0,3.56,3.79,11,20.92,0.4629
2.77,3.85,3.85,2,8.7,0.3451
3.4,7.19,4.55,5,10.99,0.6197
3.06,5.59,3.63,7,16.64,0.5025
3.03,6.78,3.8,9,19.01,0.5775
3.07,5.33,4.29,4,13.24,0.4545
3.44,7.25,3.28,10,20.37,0.5778
2.42,3.22,3.63,2,2.42,0.2162
3.79,7.88,3.85,2,1.28,0.6178
2.0,0.0,0.0,0,0.0,0.0
3.59,6.61,5.18,10,14.22,0.5802
2.89,5.54,3.6,5,17.98,0.4385
3.1,5.35,4.14,2,6.62,0.4185
3.61,8.04,8.04,7,17.07,0.7386
2.47,5.82,1.57,8,17.52,0.5001
2.88,5.89,2.91,8,15.19,0.5001
2.84,4.68,2.17,4,9.9,0.3362
3.33,6.21,3.14,1,4.48,0.5254
3.63,5.69,5.23,7,17.88,0.681
3.64,8.22,8.22,10,17.43,0.7671
3.52,5.69,3.75,3,4.77,0.5329
2.81,4.62,1.97,5,17.25,0.4187
3.27,5.45,3.83,1,3.27,0.424
3.42,8.05,3.71,1,3.23,0.497
3.39,7.01,4.74,1,3.0,0.4944
3.2,5.72,3.7,13,21.03,0.578
3.65,7.14,3.84,4,13.86,0.6514
2.51,5.67,3.27,1,2.86,0.3516
3.6,6.4,2.92,4,5.48,0.5198
3.13,5.6,2.96,9,13.37,0.4806
3.21,6.47,3.34,5,12.01,0.5517
3.56,7.8,7.8,5,16.59,0.7063
3.14,7.07,4.9,2,3.62,0.4756
3.3,7.71,4.56,5,15.43,0.6075
3.09,4.32,3.39,7,9.82,0.4299
3.27,4.61,2.7,11,20.01,0.5511
2.82,5.1,2.33,4,8.9,0.4325
2.35,5.94,2.95,5,5.3,0.3379
2.68,5.47,3.11,5,11.36,0.3991
2.35,3.79,2.78,9,18.85,0.4157
2.74,5.57,4.59,8,19.5,0.4876
3.13,5.33,3.26,4,7.15,0.4354
2.86,0.0,1.24,4,7.42,0.2586
2.08,4.76,1.82,3,11.56,0.2168
3.25,5.69,5.9,1,5.03,0.46
3.18,5.94,3.61,3,2.92,0.3628
3.46,5.05,4.62,6,14.86,0.5083
2.24,1.18,1.18,0,0.0,0.0087
3.35,5.64,2.82,5,9.96,0.4929
3.39,7.88,4.69,3,5.7,0.5151
3.21,8.49,3.28,6,13.14,0.5102
2.28,2.58,0.78,6,14.79,0.2137
3.25,4.8,1.78,5,16.48,0.488
3.39,6.73,3.71,6,15.17,0.5269
2.48,2.38,2.38,0,0.0,0.0989
3.0,6.28,4.28,3,9.5,0.3939
2.83,3.41,1.53,3,3.76,0.2318
2.69,3.45,3.45,0,0.0,0.1785
2.76,6.09,4.44,3,5.74,0.4321
2.88,5.73,4.75,7,15.9,0.5359
2.18,0.9,0.9,0,0.0,0.0
2.75,3.77,3.77,5,8.54,0.3675
3.04,4.64,3.4,4,14.73,0.4397
2.69,3.19,1.73,13,21.26,0.4392
3.69,8.44,8.44,6,17.87,0.7667
2.83,2.53,2.43,9,17.73,0.3455
2.75,4.25,1.2,7,16.48,0.3907
3.6,7.81,5.84,4,12.73,0.7655
3.24,7.03,4.15,3,6.04,0.4878
2.0,1.05,2.18,8,18.04,0.1957
3.42,7.81,5.21,9,18.33,0.6987
2.82,3.6,1.45,2,1.6,0.237
2.52,4.54,3.81,4,12.02,0.3148
2.35,2.07,0.0,6,19.55,0.1927
3.42,7.33,5.14,1,1.51,0.4673
2.99,4.95,4.95,4,10.9,0.4593
2.97,5.48,2.21,1,1.38,0.3699
3.14,7.42,4.39,1,4.77,0.4994
2.42,5.73,3.17,6,10.58,0.4112
2.67,4.88,3.07,3,6.28,0.2969
3.24,6.87,5.0,12,19.84,0.6032
2.55,4.32,3.04,3,11.18,0.3544
3.11,5.57,2.16,0,0.67,0.2104
2.99,4.97,4.97,5,10.94,0.4686
3.08,5.84,2.55,12,20.52,0.5057
2.7,4.35,2.37,4,4.02,0.3048
2.77,3.83,3.83,3,8.66,0.3555
3.34,5.45,1.81,4,14.64,0.4698
2.5,1.87,3.5,11,21.14,0.4277
2.94,4.81,2.27,3,11.09,0.4179
2.87,3.7,0.89,3,10.65,0.3398
3.03,5.17,5.17,4,11.34,0.4778
2.93,8.58,3.45,6,19.71,0.6591
3.79,4.62,4.28,7,13.85,0.6821
3.12,4.18,4.78,7,16.85,0.525
3.58,7.07,4.24,4,0.82,0.4894
2.81,4.37,2.55,1,4.66,0.3006
2.96,4.98,3.48,10,17.44,0.5628
3.22,6.66,4.04,5,10.88,0.508
2.74,2.98,2.05,12,19.62,0.4219
3.64,8.18,8.18,10,17.35,0.7637
2.94,3.32,2.38,5,10.59,0.3346
3.05,3.8,2.04,9,14.98,0.4651
3.45,4.34,3.36,8,16.95,0.4765
2.91,5.36,3.65,10,20.87,0.4883
3.49,7.49,5.95,9,17.36,0.7507
3.11,4.17,3.17,2,4.54,0.4115
2.49,4.96,3.75,5,0.19,0.3763
2.57,4.65,3.06,10,16.68,0.4581
3.53,8.13,5.73,1,3.55,0.5302
2.95,3.13,3.91,6,10.06,0.3352
2.36,3.83,4.49,5,15.59,0.3425
3.43,7.17,7.17,4,15.35,0.6463
3.06,6.1,2.62,6,12.0,0.4351
3.48,8.84,5.13,4,4.85,0.5475
2.79,3.12,2.29,6,18.33,0.3919
3.12,4.67,4.1,1,1.29,0.3542
3.4,6.85,5.79,6,17.52,0.613
2.81,3.85,2.56,7,9.89,0.3448
2.81,4.36,2.43,5,7.4,0.3884
2.97,5.12,2.3,4,13.53,0.4294
3.39,8.14,4.95,4,14.86,0.615
2.58,6.15,0.62,4,0.74,0.282
2.91,6.09,3.56,4,9.89,0.4427
2.52,3.39,3.26,6,16.06,0.4421
3.06,8.3,4.7,7,13.97,0.4914
2.0,2.02,1.95,12,21.2,0.1765
3.27,7.19,5.02,5,9.27,0.5995
3.17,5.54,3.87,6,17.13,0.5098
2.21,0.77,1.14,7,14.63,0.2701
2.46,5.84,3.88,2,6.71,0.4144
2.32,4.05,0.55,7,20.17,0.3061
3.69,9.26,5.59,2,1.82,0.6147
3.27,6.79,3.64,3,0.86,0.4399
3.2,6.02,3.84,10,18.36,0.5693
3.47,7.4,4.59,3,9.49,0.6899
3.19,6.3,4.61,4,13.74,0.4766
2.78,3.81,2.02,5,14.19,0.3655
2.44,2.71,0.88,2,4.28,0.1497
3.23,5.84,4.08,1,6.12,0.4683
2.79,5.41,4.99,9,13.85,0.5317
2.99,4.17,4.13,4,5.73,0.3671
2.95,6.17,4.01,6,16.84,0.4759
3.43,8.42,4.61,7,16.17,0.7258
3.24,7.01,2.83,7,20.64,0.5581
3.07,4.94,2.41,11,18.96,0.5336
3.1,5.65,3.6,9,15.48,0.5652
3.15,6.81,4.33,1,1.99,0.4492
3.69,8.5,5.85,2,2.39,0.6398
2.47,3.45,4.65,6,20.55,0.3893
3.69,8.13,4.31,3,12.02,0.6524
3.24,7.29,4.45,4,8.78,0.5095
2.77,1.37,2.68,7,15.03,0.322
3.53,9.13,4.27,1,1.67,0.6122
2.78,3.88,3.89,5,11.69,0.4392
2.46,3.76,2.04,1,1.96,0.2288
3.02,8.0,4.43,6,14.51,0.5664
3.13,4.73,4.44,5,13.41,0.4589
2.83,5.5,3.88,7,18.95,0.4251
2.54,5.88,2.22,1,5.13,0.2839
2.79,5.88,4.02,4,9.02,0.4142
3.0,5.92,3.81,7,12.85,0.4828
3.28,6.41,6.41,8,13.83,0.607
2.93,6.56,2.72,7,12.04,0.4284
2.06,3.16,1.86,3,0.08,0.1755
2.4,5.06,4.45,3,2.02,0.3921
2.45,4.88,2.91,5,11.53,0.3362
3.26,4.18,3.53,3,3.98,0.3834
2.16,2.49,1.84,9,21.25,0.2835
3.93,9.66,9.66,8,20.32,0.88
2.1,0.48,0.48,0,0.0,0.0
2.69,2.6,0.0,4,8.03,0.2759
3.36,7.36,2.96,6,14.18,0.6226
3.27,3.42,3.74,6,7.89,0.4769
2.85,4.81,2.9,5,12.22,0.3676
3.1,7.45,3.11,3,8.24,0.5012
3.56,5.06,4.88,4,13.29,0.4869
2.9,6.42,3.36,3,9.7,0.4623
2.34,1.7,1.7,0,0.0,0.0478
2.36,1.55,3.31,2,6.49,0.3911
2.99,4.6,5.32,1,1.01,0.4063
2.98,6.26,2.42,8,12.67,0.4482
3.54,6.59,4.63,3,7.51,0.616
3.14,6.14,3.31,1,1.34,0.489
3.08,4.49,3.37,1,1.18,0.28
2.39,4.74,2.19,4,12.22,0.2559
2.68,5.18,2.83,5,10.51,0.3476
3.04,6.34,3.71,1,3.59,0.409
3.07,6.59,4.12,1,3.23,0.3833
3.74,6.08,4.35,5,14.61,0.5887
3.24,4.3,3.32,7,11.42,0.4202
3.31,5.37,4.23,4,12.47,0.484
3.82,6.57,5.7,3,3.58,0.5877
2.91,5.67,2.62,10,16.73,0.4555
3.41,3.78,3.05,9,16.27,0.4667
3.37,5.61,3.82,5,12.36,0.5388
2.99,5.46,4.17,2,2.67,0.4165
3.47,7.35,7.35,8,15.71,0.6862
3.1,7.21,5.29,2,0.65,0.3971
3.21,6.03,6.03,6,13.06,0.5644
2.94,4.89,4.24,4,7.7,0.3769
3.04,7.22,5.42,13,21.15,0.7035
3.62,8.02,3.73,4,14.99,0.6781
2.8,4.68,2.16,10,17.57,0.5123
3.23,5.78,4.93,9,19.39,0.5807
2.76,2.64,0.78,1,3.59,0.2466
3.59,6.27,4.18,14,21.8,0.6502
3.5,6.76,4.57,4,0.6,0.5208
2.46,0.71,1.62,4,5.09,0.2351
2.57,5.48,2.69,9,21.42,0.4344
3.67,8.36,8.36,11,17.71,0.7826
2.75,4.12,4.64,3,10.24,0.4511
2.57,2.83,2.83,0,0.0,0.1319
3.03,3.69,3.97,1,2.15,0.3001
2.28,2.6,2.7,9,15.5,0.3099
2.88,4.48,4.31,6,16.77,0.5256
2.75,5.69,3.55,2,3.01,0.3369
3.01,4.63,3.37,6,21.67,0.5424
3.05,5.28,3.25,2,2.82,0.4104
3.0,5.45,2.13,4,14.03,0.4108
3.97,10.0,5.93,4,9.53,0.7324
2.78,5.77,1.37,12,21.05,0.4498
2.47,3.68,1.48,8,16.14,0.3175
2.51,3.88,3.86,6,21.52,0.3155
3.11,5.85,4.2,3,2.76,0.5641
2.75,4.56,1.76,3,8.32,0.3559
2.22,0.76,1.45,4,12.91,0.1627
3.99,7.77,4.41,5,13.75,0.6341
3.2,6.44,3.97,6,16.38,0.5289
2.64,6.95,2.01,7,15.82,0.3833
3.44,6.22,4.34,5,17.99,0.5288
3.07,4.27,2.58,8,20.63,0.5129
3.34,7.01,5.23,5,17.02,0.6243
3.83,7.53,5.62,8,16.48,0.7031
3.4,6.21,7.12,4,13.48,0.6255
2.55,4.55,3.83,2,2.66,0.3246
3.37,7.37,5.09,0,0.18,0.3808
2.25,2.82,3.51,5,0.46,0.1845
3.09,4.53,2.83,4,8.06,0.3358
2.81,5.83,3.23,6,16.59,0.4473
3.14,6.75,3.7,8,13.6,0.5167
3.45,7.25,7.25,10,15.51,0.6862
4.0,10.0,6.33,5,12.7,0.7777
2.61,3.65,2.81,3,4.63,0.169
2.64,2.01,1.23,5,17.96,0.3391
2.58,5.34,4.82,6,11.44,0.4317
3.07,6.93,4.14,1,4.17,0.3835
3.19,4.74,2.81,4,0.62,0.4462
2.95,5.06,1.57,0,0.1,0.2116
3.46,6.68,3.99,4,12.63,0.5872
2.56,5.85,4.11,2,1.68,0.3457
2.99,4.65,4.22,3,6.48,0.3276
2.36,2.38,1.62,5,9.95,0.2568
3.36,5.49,3.22,7,15.7,0.557
2.33,3.31,1.01,11,17.64,0.3001
2.74,3.69,3.69,3,8.37,0.3437
2.3,1.52,1.52,0,0.0,0.0342
3.77,7.03,3.8,3,2.84,0.4816
3.15,5.75,5.75,8,12.5,0.5514
2.43,4.43,2.13,11,19.23,0.4376
3.91,9.54,9.54,11,20.08,0.882
2.61,6.06,3.7,1,2.06,0.3772
3.66,6.88,4.19,6,13.71,0.5615
3.19,5.77,5.77,10,17.24,0.5689
3.55,7.31,5.81,3,9.04,0.6485
2.03,2.0,1.02,7,20.79,0.2962
2.3,2.52,2.7,5,10.18,0.2619
2.43,3.84,3.47,9,15.96,0.4131
2.6,3.35,1.53,11,21.53,0.3695
2.09,0.46,0.46,0,0.0,0.0
3.42,4.31,3.35,7,11.83,0.4955
3.25,6.58,5.98,2,7.4,0.494
2.85,5.22,4.06,5,13.24,0.3968
2.87,5.52,4.09,11,18.1,0.5911
3.2,8.86,4.78,1,5.82,0.4512
3.3,5.36,4.18,9,15.02,0.4527
3.45,7.03,5.02,3,2.06,0.5865
2.77,3.87,3.87,6,8.74,0.3824
2.75,4.3,2.14,7,10.77,0.3668
2.24,3.34,2.49,2,1.04,0.1721
2.68,6.19,2.48,7,17.07,0.4424
2.86,7.39,3.82,5,6.68,0.4357
2.79,4.03,1.45,1,2.34,0.2985
3.27,7.01,4.02,7,21.43,0.6246
3.32,6.74,3.95,9,21.49,0.6464
3.24,9.23,5.42,2,3.77,0.5482
3.03,5.03,4.45,5,17.37,0.4446
3.26,4.0,4.39,5,7.81,0.5219
2.28,4.4,2.31,8,20.65,0.3619
3.64,7.27,3.72,1,5.33,0.5958
2.8,5.8,2.59,4,4.98,0.369
2.42,5.68,3.86,5,17.53,0.4243
2.0,3.29,2.09,1,2.18,0.1725
3.33,6.68,4.49,6,15.47,0.5932
3.59,7.51,2.78,4,8.4,0.5432
2.73,6.04,3.73,3,8.47,0.4042
3.14,6.57,4.78,6,12.6,0.5162
3.17,6.85,3.17,7,10.69,0.483
3.75,8.69,4.65,2,0.94,0.6183
3.24,7.64,4.34,7,13.93,0.5796
3.21,8.34,4.42,11,20.05,0.6805
2.73,6.23,5.15,3,2.62,0.4631
3.17,5.48,4.57,1,6.0,0.4624
2.47,4.38,3.88,8,16.22,0.3091
3.64,6.45,1.98,2,7.26,0.5637
2.55,5.71,3.88,6,9.59,0.3046
2.56,6.01,2.05,1,1.75,0.2778
2.97,4.59,3.14,2,1.51,0.4006
2.61,5.42,4.99,5,8.64,0.3186
3.15,6.84,5.15,5,8.29,0.5097
2.58,3.79,1.84,11,19.83,0.3972
3.01,5.86,2.93,5,14.79,0.4565
3.55,6.41,4.45,8,20.02,0.6644
2.68,2.9,2.18,4,10.83,0.3511
3.01,5.33,4.75,4,13.78,0.4078
2.62,3.75,3.38,12,20.43,0.41
2.61,5.32,2.19,3,11.59,0.3984
3.32,4.88,3.25,6,12.54,0.5887
2.13,0.66,0.66,0,0.0,0.0
3.42,8.87,5.22,9,15.51,0.6298
3.37,5.83,3.14,4,9.27,0.4761
3.17,8.71,5.54,4,15.45,0.6881
2.13,2.71,2.58,10,17.72,0.2528
3.28,7.25,6.25,4,4.41,0.6332
3.49,7.05,3.83,11,21.03,0.664
3.08,5.04,6.58,4,11.09,0.5141
2.46,4.45,2.06,2,7.38,0.2459
3.03,6.42,2.91,0,0.12,0.2532
2.97,6.5,3.53,5,0.04,0.4215
2.5,4.21,2.92,2,2.21,0.2831
2.33,1.97,1.72,1,3.21,0.2303
2.28,1.4,1.4,0,0.0,0.0252
2.96,6.13,3.25,6,16.4,0.4843
2.7,4.76,0.9,12,20.13,0.3905
2.82,4.3,4.15,4,4.01,0.3818
2.45,3.67,2.14,3,5.99,0.2391
3.43,9.08,6.34,5,10.35,0.7023
3.4,5.55,3.35,4,15.2,0.5834
3.46,5.4,3.55,9,16.02,0.6096
3.32,5.2,3.71,2,8.8,0.453
3.56,6.89,5.18,4,7.26,0.5834
3.52,7.93,6.34,4,12.76,0.6785
2.8,3.53,1.98,4,5.24,0.3275
3.47,4.89,3.6,10,20.2,0.4486
3.25,2.17,3.7,9,19.8,0.3887
2.86,4.1,2.04,5,9.67,0.4418
3.02,5.1,2.33,2,1.73,0.3134
2.39,4.15,3.25,3,3.79,0.2728
2.7,3.93,1.98,4,14.58,0.3697
3.33,5.17,4.68,7,18.48,0.556
2.58,4.28,1.17,11,18.33,0.3885
2.77,3.78,1.56,6,11.83,0.3064
2.93,6.24,4.39,1,3.16,0.4059
2.92,3.32,3.51,9,19.19,0.438
2.7,3.98,1.8,12,18.22,0.406
3.1,5.42,3.5,3,10.76,0.4139
2.69,5.76,4.89,2,3.33,0.2866
3.57,6.16,5.6,6,18.53,0.6636
3.03,4.31,2.63,8,20.08,0.443
3.76,8.8,8.8,9,18.6,0.812
2.54,4.08,1.66,3,11.75,0.2855
2.64,5.86,2.82,5,0.52,0.3659
2.98,6.29,3.41,7,16.3,0.4877
2.93,4.18,3.09,7,10.22,0.3981
3.79,9.28,3.92,5,9.87,0.5752
3.27,7.32,4.37,6,19.11,0.5347
2.85,5.67,4.56,9,19.45,0.471
2.84,4.42,1.67,3,8.51,0.3025
3.28,8.85,5.17,7,13.28,0.6476
3.66,8.07,6.26,7,19.0,0.7606
2.51,2.64,2.83,8,21.86,0.3082
2.56,2.28,1.59,7,14.58,0.3656
3.22,4.24,4.42,4,0.89,0.3407
2.93,6.66,3.32,1,3.88,0.3245
2.63,4.68,0.98,6,7.86,0.2675
3.11,3.59,2.36,8,14.16,0.3762
2.64,3.21,3.21,0,0.0,0.1605
3.44,4.97,3.33,2,2.94,0.3744
3.25,6.13,4.5,5,13.28,0.6021
2.46,3.66,0.52,1,1.12,0.1508
3.04,4.04,3.71,8,16.22,0.38
2.58,3.95,2.48,1,1.36,0.1894
2.68,3.39,3.39,0,0.0,0.174
2.68,4.08,2.56,2,5.46,0.2446
2.59,3.68,1.76,1,1.9,0.1406
2.66,4.73,2.13,12,21.3,0.4599
2.69,4.34,3.57,3,3.07,0.3867
3.0,2.72,2.9,2,4.18,0.3007
2.87,5.81,3.66,10,15.86,0.4373
3.05,6.98,2.26,6,19.19,0.5043
3.38,6.57,3.79,3,9.56,0.5264
2.61,4.77,3.36,9,20.6,0.4127
3.25,5.59,5.79,5,0.75,0.5864
3.02,6.71,3.36,4,5.16,0.4493
2.96,6.67,3.37,13,21.63,0.55
2.55,2.75,2.75,0,0.0,0.1259
2.85,6.14,4.56,1,2.39,0.4098
2.26,3.26,2.28,4,7.6,0.2134
2.19,3.39,1.65,3,11.88,0.2244
3.39,6.76,4.05,1,1.72,0.417
2.66,3.31,3.31,0,0.0,0.168
2.83,4.44,4.28,7,18.72,0.5689
3.11,6.39,3.2,12,21.78,0.546
2.12,5.21,2.3,3,8.91,0.2355
2.63,6.2,4.42,3,11.7,0.4229
2.66,2.44,2.44,2,8.31,0.3008
3.54,7.72,7.72,7,16.43,0.7116
3.03,6.23,4.4,6,7.59,0.5113
3.49,7.12,4.88,8,19.12,0.6636
3.43,6.38,3.58,8,13.18,0.6386
2.21,1.04,1.04,0,0.0,0.0
2.9,6.29,1.14,7,18.5,0.4413
2.82,3.11,3.1,9,21.45,0.348
2.98,4.66,2.72,10,18.72,0.5269
3.3,6.51,6.51,6,14.03,0.6049
2.84,6.65,4.22,4,5.88,0.4684
3.61,7.65,4.01,12,19.26,0.7622
2.91,4.86,2.64,7,11.16,0.4008
2.89,4.1,3.84,7,16.15,0.4561
3.95,6.4,4.16,5,10.34,0.6155
2.0,2.15,2.28,1,2.47,0.1081
2.98,6.02,2.04,1,1.75,0.3257
2.72,6.36,4.19,2,8.05,0.4194
3.27,5.89,4.99,5,13.35,0.6165
2.82,4.39,4.49,6,21.03,0.5286
3.06,7.25,4.1,2,0.31,0.4001
3.14,5.89,2.77,7,18.21,0.5232
2.5,2.31,1.48,6,10.69,0.275
2.89,3.86,1.07,8,15.45,0.3262
2.82,5.44,3.4,2,2.24,0.2813
2.74,2.97,3.6,4,14.18,0.3128
3.14,5.09,1.45,3,5.59,0.337
2.82,4.46,4.81,8,13.69,0.4448
2.96,4.25,2.92,9,18.67,0.4618
2.38,3.15,1.99,12,21.2,0.3517
3.72,7.73,5.75,3,9.33,0.5363
3.49,9.29,5.05,7,12.44,0.6158
2.37,1.49,2.85,8,17.73,0.3168
2.66,3.54,1.61,6,18.71,0.2872
2.86,5.14,1.75,3,3.76,0.3435
3.42,5.61,4.01,6,21.85,0.4828
3.15,7.26,3.69,12,19.92,0.6245
3.67,6.96,4.56,2,2.19,0.5327
2.57,3.51,1.6,7,20.23,0.36
2.73,4.71,1.83,5,12.46,0.3937
3.26,3.86,2.49,8,15.68,0.4939
2.58,3.69,2.82,7,20.48,0.3673
2.81,5.71,3.44,1,2.14,0.3795
2.75,2.79,4.16,7,20.1,0.4673
3.06,2.52,3.23,2,2.2,0.3472
2.69,8.26,3.09,6,15.39,0.5082
2.86,7.42,2.26,7,21.74,0.4758
2.4,3.85,1.2,5,11.03,0.3203
2.0,1.26,1.36,1,2.79,0.0987
3.26,6.31,6.31,6,13.63,0.588
3.01,5.88,3.38,9,17.06,0.5105
2.83,5.28,3.73,9,19.61,0.4383
3.23,5.4,1.8,12,19.32,0.5625
3.34,6.32,2.85,2,0.77,0.415
2.78,4.94,2.98,3,9.0,0.261
3.13,4.42,3.58,2,1.14,0.4019
2.9,6.23,4.59,3,10.71,0.4834
3.24,3.76,2.83,5,7.29,0.4211
3.59,6.76,3.8,3,6.06,0.5846
3.87,9.36,9.36,11,19.72,0.8668
2.86,4.31,4.31,5,9.62,0.413
3.07,6.07,4.28,3,4.59,0.4625
3.03,7.15,3.7,3,7.21,0.507
3.04,7.05,2.4,7,11.75,0.4828
2.5,4.88,3.25,6,13.87,0.36
3.79,8.94,8.94,12,18.88,0.8348
3.9,9.08,4.63,3,12.05,0.6233
2.59,1.91,2.64,2,6.97,0.1864
2.92,7.04,3.84,1,5.63,0.4498
2.9,7.29,4.06,9,13.73,0.5066
3.54,8.13,5.62,2,2.98,0.5128
2.75,6.16,3.3,2,8.22,0.3857
2.94,4.71,4.71,8,10.42,0.4638
2.99,5.01,4.03,7,13.44,0.3825
2.98,6.15,4.17,7,14.73,0.659
3.26,7.65,3.52,2,1.39,0.3871
2.84,4.67,2.96,5,8.52,0.4579
2.9,4.61,4.46,1,2.28,0.2758
3.2,5.19,2.93,2,8.0,0.3963
2.98,3.71,2.9,8,16.81,0.4621
2.63,3.51,3.98,1,3.78,0.2136
2.61,5.43,2.87,8,17.07,0.3548
2.8,5.31,0.63,1,2.18,0.2869
2.35,2.41,1.51,8,20.17,0.3544
3.04,3.69,3.55,1,4.6,0.3874
2.97,7.41,5.25,4,11.06,0.4933
3.52,9.16,5.88,4,14.17,0.7012
2.82,6.99,4.28,10,17.44,0.5293
3.62,5.24,3.82,10,16.48,0.595
2.73,6.17,3.72,10,19.77,0.4479
2.94,4.68,5.37,3,4.09,0.4946
3.58,6.85,5.29,3,10.02,0.6111
3.11,6.41,3.21,2,3.26,0.3617
3.46,6.43,5.31,5,10.63,0.5801
3.83,7.84,3.89,6,8.48,0.6012
2.48,3.28,1.25,6,16.79,0.31
3.18,7.88,4.26,7,12.87,0.6108
2.46,1.77,1.53,11,18.53,0.2438
3.39,7.05,4.32,2,0.52,0.4685
2.46,2.3,2.3,0,0.0,0.0928
2.77,4.12,4.21,3,6.79,0.3352
2.9,4.41,2.6,5,13.72,0.449
2.06,2.56,3.01,6,10.61,0.1594
2.15,3.29,1.07,7,21.01,0.3141
2.1,3.37,2.99,6,17.06,0.3254
3.04,4.35,2.4,2,1.4,0.3393
2.94,5.04,3.43,0,0.95,0.3542
3.1,6.43,4.51,2,2.8,0.469
3.58,7.85,5.2,7,11.24,0.6127
3.39,6.95,6.95,9,14.91,0.6569
3.4,7.99,6.11,2,5.23,0.6689
3.22,7.08,5.09,3,10.2,0.5908
2.52,3.14,0.41,9,18.31,0.3006
2.97,4.04,2.12,7,16.39,0.4512
2.91,6.39,2.42,1,5.35,0.3705
2.84,3.3,1.81,7,13.35,0.4172
3.59,7.36,5.75,5,14.85,0.6386
2.79,5.29,3.18,6,14.28,0.4493
2.63,3.6,2.18,4,9.52,0.2472
2.6,5.69,1.33,3,5.24,0.3742
3.33,5.97,2.27,3,4.85,0.4614
3.72,8.6,8.6,7,18.19,0.7857
2.75,4.91,2.79,5,18.17,0.412
2.98,5.46,2.78,5,6.58,0.3435
2.67,1.77,2.7,4,12.25,0.2375
3.32,7.69,3.83,5,11.58,0.5454
2.75,6.97,4.51,1,6.06,0.4525
3.25,6.18,2.91,1,2.5,0.4221
2.93,6.19,3.57,8,19.19,0.5133
2.7,4.24,1.97,5,11.27,0.27
2.45,6.72,3.99,3,0.71,0.351
3.11,5.01,2.06,2,8.97,0.3813
3.2,8.21,4.44,8,18.89,0.6678
2.55,3.86,1.01,5,7.22,0.1901
3.5,6.94,3.5,1,1.02,0.4322
3.39,7.17,4.81,2,7.04,0.5112
3.43,6.67,4.55,5,8.56,0.5032
2.97,5.21,3.47,4,7.57,0.3318
3.66,6.13,4.6,11,21.99,0.7379
2.56,3.67,3.81,5,7.7,0.3573
2.87,4.46,4.41,5,5.28,0.4329
3.38,5.38,3.93,3,6.24,0.4948
2.89,3.22,2.91,4,8.95,0.3944
2.64,2.89,2.84,11,19.14,0.3465
3.7,7.11,4.78,8,19.64,0.5708
3.23,5.37,2.99,4,9.25,0.4439
2.22,1.12,1.12,0,0.0,0.0042
3.33,5.79,4.72,2,3.72,0.5389
2.57,6.46,2.42,12,20.22,0.4334
4.0,6.38,5.28,11,18.69,0.6757
3.07,5.33,5.33,4,11.66,0.4913
2.97,5.77,4.13,3,11.21,0.4246
2.77,3.0,2.59,3,5.88,0.3911
3.51,7.25,3.66,4,7.61,0.5286
3.78,6.38,5.78,3,9.53,0.613
3.34,7.68,4.26,1,1.26,0.5221
2.43,3.73,1.87,7,15.29,0.3648
3.56,9.18,6.51,11,20.56,0.7522
3.08,5.2,4.97,4,5.55,0.4567
2.75,5.66,3.27,1,2.24,0.344
3.36,5.14,4.07,13,20.42,0.5516
2.84,4.12,2.76,0,0.6,0.1362
3.03,4.98,2.09,7,13.0,0.4662
3.01,5.99,2.52,4,12.95,0.4543
2.77,6.09,3.82,2,2.6,0.4198
3.38,7.24,3.72,3,10.84,0.509
2.27,4.58,1.07,3,9.56,0.2032
2.73,1.29,1.74,7,18.37,0.3013
2.81,4.64,1.94,9,18.81,0.4463
3.02,5.43,4.89,8,17.49,0.3806
3.32,4.69,3.34,2,0.59,0.381
3.83,7.78,3.78,6,16.6,0.6995
3.56,6.52,4.93,9,16.24,0.521
2.79,5.75,5.0,8,21.34,0.5071
3.03,6.51,5.24,6,9.05,0.5497
3.12,4.9,3.61,9,15.23,0.4148
2.77,5.16,3.89,5,7.23,0.3769
2.21,3.26,1.45,12,20.53,0.2841
2.85,7.71,4.38,9,15.82,0.5837
3.37,9.23,6.18,2,6.01,0.5133
3.77,7.85,3.77,12,19.72,0.717
2.28,3.78,2.08,3,6.44,0.2042
3.35,6.77,6.77,7,14.55,0.6324
3.19,5.94,3.57,9,18.04,0.4947
2.91,5.92,1.85,6,8.4,0.4136
3.16,5.97,4.29,3,11.04,0.4753
2.52,3.74,0.97,9,20.04,0.3791
3.16,2.14,3.11,6,13.82,0.4049
3.0,5.36,3.16,6,9.71,0.4765
3.09,4.73,4.62,3,0.01,0.4212
3.26,4.86,2.51,2,3.73,0.3767
2.78,6.7,3.81,5,0.98,0.4681
3.11,3.85,3.09,4,5.02,0.3965
2.42,0.22,2.68,6,17.02,0.2224
2.74,7.78,4.68,9,21.88,0.5607
3.12,6.28,3.11,1,3.15,0.4125
2.5,2.2,1.85,6,20.75,0.25
3.22,4.71,2.56,2,1.5,0.3539
2.22,3.84,1.28,5,11.45,0.2108
3.01,5.47,3.32,11,18.92,0.4666
3.07,9.6,5.32,6,18.24,0.598
2.93,6.08,4.12,2,8.69,0.4054
3.18,5.89,5.89,6,12.78,0.5526
2.43,3.87,3.13,3,8.97,0.3567
3.7,8.5,8.5,11,17.99,0.7944
3.66,4.65,5.69,5,11.26,0.6267
3.41,5.9,2.61,2,3.37,0.4742
2.0,4.45,2.91,10,15.8,0.2688
2.43,2.16,2.16,0,0.0,0.0823
3.24,6.7,4.28,4,0.45,0.5112
3.2,6.58,5.77,4,8.91,0.5726
3.28,6.3,3.72,2,3.48,0.4499
2.13,2.44,2.31,6,8.88,0.2305
3.11,7.63,5.25,7,14.21,0.6306
3.53,5.18,4.98,4,14.76,0.589
2.63,5.79,2.21,2,3.01,0.2562
2.81,7.19,2.95,8,18.16,0.519
2.88,6.09,3.15,4,5.48,0.3034
3.67,6.5,3.8,8,20.25,0.6307
3.57,5.29,3.0,5,17.3,0.5926
3.97,7.81,4.56,1,1.9,0.5533
2.96,6.33,3.33,7,11.81,0.409
2.54,2.0,1.3,10,20.13,0.3244
3.43,7.13,7.13,4,15.27,0.643
3.19,7.27,4.65,7,18.09,0.6042
3.25,8.46,4.16,2,6.19,0.5034
3.0,5.85,1.71,9,19.65,0.5326
3.12,6.06,2.16,2,2.18,0.4362
3.06,3.13,2.12,7,14.63,0.4375
3.0,4.24,2.12,5,10.12,0.3526
2.63,2.54,1.24,1,0.07,0.1273
3.31,5.99,5.34,2,8.06,0.465
3.31,10.0,4.62,2,2.09,0.6195
3.01,4.98,2.74,5,10.53,0.4007
3.01,6.03,4.01,11,19.56,0.5462
2.51,6.63,3.28,9,13.84,0.4456
2.9,6.14,2.53,6,17.09,0.5354
3.3,6.49,6.49,4,13.99,0.5891
2.73,6.75,4.63,2,3.74,0.4101
2.63,3.56,2.98,6,9.92,0.4328
3.77,7.9,4.26,8,14.04,0.621
2.57,3.52,1.24,2,7.55,0.2632
2.98,6.04,2.64,4,12.24,0.4805
3.15,6.42,3.24,2,6.76,0.4407
2.98,6.61,4.02,6,15.98,0.5977
2.89,7.01,4.06,2,9.23,0.3976
2.38,3.6,2.42,9,16.34,0.4002
2.56,4.91,3.34,4,5.57,0.3413
3.01,6.07,3.94,6,15.29,0.4329
3.42,8.66,5.71,1,1.3,0.6033
3.11,6.2,3.73,2,6.11,0.4134
2.82,4.92,3.85,4,12.84,0.3948
3.41,7.19,3.59,3,7.96,0.555
3.23,5.95,3.64,2,2.27,0.3966
3.29,5.76,5.59,8,11.43,0.5552
2.54,5.24,2.2,8,20.85,0.4224
3.9,9.48,9.48,12,19.96,0.8803
2.37,2.75,1.98,5,11.71,0.2823
2.07,3.87,1.95,7,15.91,0.2307
2.59,4.76,3.34,6,8.83,0.3609
2.92,4.61,4.61,3,10.22,0.4213
2.27,3.47,1.95,3,4.5,0.2556
2.67,3.39,2.7,1,3.34,0.2766
3.31,7.46,3.63,2,3.02,0.4404
2.74,3.49,3.53,6,9.19,0.3833
3.32,7.14,2.44,2,4.36,0.4721
2.76,4.44,2.71,3,2.72,0.3346
2.62,4.8,3.42,8,18.86,0.5217
3.1,5.49,5.49,6,11.98,0.5189
4.0,6.16,6.09,4,0.33,0.5394
3.8,8.5,6.08,2,7.54,0.5997
3.67,8.32,6.57,7,13.96,0.7007
3.86,6.38,5.3,5,13.11,0.6333
2.99,4.01,1.51,4,10.37,0.3191
3.09,3.95,1.9,10,20.11,0.3997
3.0,4.32,3.53,5,13.61,0.4065
3.01,7.32,6.03,3,11.91,0.5477
3.61,6.47,4.35,4,14.37,0.6044
3.64,5.28,4.85,7,14.47,0.5706
2.46,2.56,2.67,8,21.19,0.3164
2.79,5.76,2.03,4,5.55,0.3233
3.06,3.74,2.5,2,5.39,0.3133
3.79,6.0,5.78,8,13.36,0.656
3.07,4.21,3.84,5,0.7,0.4278
2.82,4.18,5.33,6,20.4,0.4511
3.11,5.57,5.57,5,12.14,0.5192
2.8,5.05,2.02,10,16.88,0.4491
2.4,4.01,1.81,4,8.87,0.2235
3.65,9.79,5.74,2,1.34,0.5741
3.42,6.63,4.94,5,10.04,0.6344
2.57,2.86,4.19,6,11.66,0.3833
2.83,6.5,2.97,6,16.91,0.4942
2.98,4.4,2.64,4,6.02,0.3752
2.66,1.5,0.97,12,19.57,0.3349
3.07,5.01,1.84,8,19.48,0.4396
2.37,4.19,1.17,3,3.57,0.2275
3.1,4.45,3.67,2,8.8,0.448
2.87,4.8,2.37,4,5.85,0.3274
3.22,4.2,2.4,4,0.45,0.4045
3.1,4.23,3.4,1,2.2,0.2767
2.82,7.26,5.27,6,13.06,0.4814
3.77,7.13,6.19,10,19.45,0.7349
3.09,5.43,5.43,5,11.86,0.5074
2.52,2.61,2.61,0,0.0,0.1154
2.51,4.83,4.38,7,10.39,0.3895
3.45,6.03,2.51,6,19.14,0.5686
3.63,8.14,8.14,6,17.27,0.7414
2.0,4.77,1.52,4,4.47,0.1918
2.75,5.25,4.87,9,16.09,0.5014
3.43,7.89,5.41,4,8.17,0.6266
3.2,4.38,3.27,7,17.51,0.472
3.94,8.27,6.39,7,16.32,0.7566
3.58,6.98,4.55,6,20.48,0.6729
3.2,4.77,4.62,3,4.64,0.3301
3.31,4.92,3.43,3,5.9,0.4738
2.56,5.63,3.05,2,1.9,0.3784
2.73,6.88,2.89,7,9.94,0.5229
3.21,5.5,3.87,3,5.44,0.369
2.0,1.37,2.03,10,19.58,0.3111
3.17,5.53,3.99,5,12.85,0.4612
2.26,1.3,1.3,0,0.0,0.0177
3.65,8.63,4.47,3,2.86,0.4596
3.14,4.64,3.67,7,18.98,0.4366
3.25,6.39,4.66,5,12.3,0.5212
3.3,7.07,4.21,2,3.5,0.4906
3.17,5.76,4.38,5,0.56,0.477
3.24,7.61,4.29,10,19.74,0.6424
4.0,8.68,4.79,3,8.34,0.697
3.33,6.63,6.63,7,14.27,0.6206
3.44,7.19,7.19,9,15.39,0.6772
2.09,1.69,2.43,7,20.53,0.3334
3.18,7.01,2.7,2,3.28,0.4411
2.09,0.44,0.44,0,0.0,0.0
2.71,1.81,1.07,9,14.51,0.338
2.61,6.06,3.54,3,10.1,0.4628
3.22,5.45,3.13,4,12.36,0.4579
2.41,4.51,1.43,4,14.29,0.2899
3.74,7.85,4.92,11,19.0,0.7944
3.24,5.45,3.91,7,21.76,0.5303
3.78,10.0,4.02,4,7.91,0.7424
2.31,2.72,1.76,13,21.59,0.3567
3.3,5.87,4.27,5,9.82,0.5541
3.0,6.15,3.13,6,10.41,0.3971
2.83,4.15,4.15,5,9.3,0.3995
3.38,5.07,4.14,4,10.14,0.4604
3.11,4.2,3.01,3,2.23,0.3146
2.05,0.24,0.24,0,0.0,0.0
2.38,4.24,4.62,8,15.27,0.3987
2.06,2.05,1.69,10,16.07,0.2831
3.04,5.35,2.19,8,15.5,0.4654
2.87,2.22,0.52,4,8.8,0.2956
3.95,9.74,9.74,12,20.48,0.9022
3.42,8.08,4.26,2,5.11,0.6386
2.76,4.3,3.29,3,8.96,0.3364
2.99,4.93,4.93,3,10.86,0.4482
2.04,1.7,1.9,2,3.11,0.0734
2.43,2.11,0.87,1,2.55,0.0729
2.08,0.38,0.38,0,0.0,0.0
2.97,4.34,2.98,5,13.98,0.502
2.45,4.34,2.38,3,7.93,0.2909
3.15,5.77,5.77,6,12.54,0.5425
2.42,2.1,2.1,0,0.0,0.0778
3.41,8.98,5.46,3,10.56,0.5856
3.16,4.38,2.64,8,19.04,0.4938
3.7,6.28,4.08,2,9.34,0.5203
3.38,7.81,4.98,5,17.18,0.6578
3.34,5.25,3.16,4,7.56,0.4705
2.81,5.94,3.16,5,16.52,0.3961
3.58,4.08,4.67,1,0.57,0.4754
2.62,4.73,0.96,3,11.18,0.2973
3.36,5.69,3.98,4,10.12,0.4639
3.04,4.6,3.35,5,0.06,0.3501
2.71,4.12,2.07,3,4.39,0.3135
2.94,5.87,2.99,2,0.51,0.4448
2.11,3.44,2.43,9,18.24,0.3565
2.65,2.65,0.63,4,7.24,0.2881
2.08,2.56,2.12,3,7.09,0.1089
3.36,6.15,4.89,2,1.17,0.5254
2.57,2.31,2.27,8,19.9,0.2926
2.7,4.78,2.39,4,5.4,0.3467
3.12,5.03,2.57,9,14.42,0.4449
3.02,3.22,0.47,5,15.26,0.3184
3.41,7.63,4.73,5,11.35,0.6371
2.8,2.89,2.11,6,12.59,0.3353
2.81,5.98,2.05,6,16.93,0.5366
2.13,4.25,2.85,11,19.75,0.3306
2.25,2.33,2.59,4,7.88,0.1266
2.85,4.39,2.83,1,4.86,0.3791
2.94,5.6,3.78,5,7.29,0.4688
3.06,4.03,3.5,1,4.1,0.2301
3.31,9.67,6.21,4,12.54,0.5476
3.89,9.62,4.55,2,3.54,0.6426
3.26,7.45,3.96,2,2.47,0.5147
3.43,6.96,6.49,10,18.97,0.7233
2.98,4.17,3.06,2,6.65,0.3863
3.71,8.52,5.93,4,8.25,0.6864
3.05,6.74,4.7,4,5.91,0.4764
2.57,5.52,2.74,10,21.19,0.4377
3.27,6.98,4.08,6,18.76,0.652
2.49,2.73,2.08,7,20.0,0.4201
2.42,2.72,2.35,9,20.11,0.2782
2.64,5.29,3.43,7,10.45,0.3956
2.86,1.71,2.55,7,12.65,0.3477
2.82,4.22,1.87,3,0.65,0.253
2.6,2.01,2.88,1,3.59,0.1959
2.67,4.38,1.82,7,15.3,0.4175
2.69,4.69,3.43,1,1.05,0.241
2.01,0.04,0.04,0,0.0,0.0
3.68,6.52,4.58,7,8.58,0.5947
2.18,2.98,1.96,11,17.03,0.264
2.88,4.59,3.12,7,19.99,0.4423
2.95,4.73,4.73,6,10.46,0.4549
2.34,1.31,2.01,2,3.42,0.1138
2.73,4.11,3.8,8,19.72,0.3628
3.23,6.41,2.86,4,9.18,0.4438
3.97,7.62,4.84,10,16.78,0.6736
3.78,9.52,5.83,5,0.4,0.7988
2.53,2.67,2.67,0,0.0,0.1199
3.25,7.27,4.03,5,6.78,0.4649
2.42,2.78,1.9,4,7.59,0.3357
2.85,4.25,4.25,3,9.5,0.3909
3.3,6.0,4.75,7,19.25,0.6246
2.78,5.37,2.69,9,18.92,0.3948
2.96,5.57,3.84,2,6.81,0.4307
2.81,5.15,3.23,3,5.65,0.4097
3.39,4.18,4.03,1,1.97,0.3695
3.05,6.22,3.32,1,5.28,0.352
2.47,2.99,2.65,7,18.41,0.362
2.77,1.86,3.33,8,15.03,0.2958
3.25,7.45,4.41,10,21.37,0.5367
3.71,8.56,8.56,8,18.11,0.7873
2.88,5.5,2.37,6,13.07,0.4058
2.61,4.82,2.6,7,20.62,0.4443
2.93,4.87,2.37,2,7.04,0.3835
2.95,6.8,3.68,7,14.17,0.4996
2.66,4.2,1.65,8,16.63,0.3759
2.46,4.33,1.81,10,14.68,0.4252
3.26,4.86,2.82,1,5.22,0.3443
3.31,4.34,2.63,3,4.72,0.4941
2.58,2.61,1.57,9,19.73,0.3408
2.98,5.33,4.03,5,0.25,0.4151
2.75,4.56,2.91,6,14.22,0.2486
3.51,8.8,5.55,4,6.93,0.6239
3.25,8.96,5.75,3,6.48,0.5728
3.0,6.79,5.02,4,11.89,0.5106
3.49,7.76,4.1,5,12.14,0.6021
3.73,7.97,4.28,5,10.15,0.6088
2.76,6.64,4.2,8,20.29,0.556
2.41,2.81,2.62,2,8.67,0.2592
2.9,5.27,2.67,10,20.18,0.4331
2.92,4.46,2.43,10,18.44,0.4387
3.38,5.56,2.96,4,11.29,0.5458
2.6,4.49,2.76,4,0.94,0.3865
2.57,6.65,3.35,4,7.75,0.3275
2.81,5.39,2.53,7,14.19,0.3444
3.3,7.33,2.45,6,14.24,0.491
3.34,5.47,3.77,4,0.11,0.4196
2.05,2.36,1.36,8,14.03,0.2368
3.14,7.38,5.16,7,17.29,0.5539
3.04,6.08,5.18,1,3.88,0.4762
3.16,4.67,3.97,3,6.99,0.4675
3.0,3.55,2.54,6,19.05,0.465
2.44,2.18,2.18,0,0.0,0.0838
3.54,7.02,5.06,4,15.41,0.6302
2.81,4.07,4.07,4,9.14,0.3851
2.56,4.82,2.73,8,17.84,0.4388
2.72,4.78,3.16,6,12.08,0.4193
2.42,3.63,3.42,3,7.72,0.221
2.06,0.28,0.28,0,0.0,0.0
2.68,5.18,2.96,4,5.01,0.3956
2.41,3.13,2.68,5,14.13,0.2774
2.47,1.88,0.99,6,9.4,0.31
3.67,7.13,3.97,2,3.32,0.4622
3.62,6.8,3.93,3,12.26,0.6322
3.44,7.21,7.21,8,15.43,0.6744
3.58,4.68,1.47,5,0.77,0.3906
3.32,4.24,3.68,4,9.45,0.4142
3.2,4.39,2.6,10,17.05,0.383
3.18,6.55,2.84,7,13.92,0.4894
2.45,1.82,3.41,6,9.97,0.2687
3.15,4.7,4.08,3,5.88,0.476
2.15,0.74,0.74,0,0.0,0.0
2.82,5.86,2.21,12,19.24,0.4962
2.52,3.63,3.22,9,19.0,0.4143
3.23,3.54,2.43,6,9.78,0.3264
2.25,4.42,3.0,5,10.44,0.3393
3.26,5.87,4.31,5,7.35,0.4872
2.91,5.23,3.34,5,7.54,0.4767
3.79,7.0,4.06,5,16.27,0.5722
2.36,2.95,1.36,2,1.64,0.2082
2.73,3.65,2.71,3,5.44,0.258
3.32,6.87,6.4,9,20.51,0.6929
3.92,8.69,5.1,4,5.72,0.7131
2.38,3.12,3.22,8,17.2,0.279
3.78,8.9,8.9,9,18.8,0.8204
3.03,4.78,3.57,7,12.19,0.4126
2.6,3.41,2.49,3,7.94,0.3551
2.21,3.46,2.06,9,18.88,0.3055
2.4,2.02,2.02,0,0.0,0.0718
3.72,6.71,4.1,2,2.3,0.5482
3.55,8.68,4.93,7,10.76,0.7316
2.78,5.18,3.8,4,7.56,0.3981
2.98,5.74,3.71,4,12.66,0.5185
3.01,3.87,3.3,5,7.21,0.3346
3.61,5.78,2.64,0,0.58,0.4093
2.97,6.95,2.9,7,21.16,0.4553
2.78,4.85,2.94,3,7.18,0.3484
3.02,4.4,4.94,9,21.32,0.5912
3.28,3.47,3.29,11,19.94,0.5184
2.94,5.51,2.88,7,19.29,0.5179
2.18,5.12,2.18,2,1.61,0.2013
3.15,5.73,5.73,4,12.46,0.525
2.9,5.15,2.9,2,7.59,0.3769
3.07,6.78,4.02,4,9.67,0.3886
3.35,6.16,5.45,9,14.31,0.5741
2.37,3.28,2.24,8,16.95,0.2622
3.05,6.13,4.12,2,0.74,0.3516
3.18,5.57,3.93,4,13.46,0.5824
3.02,5.89,2.28,3,3.69,0.3697
2.96,6.64,2.98,7,15.88,0.5609
3.14,3.62,4.14,4,12.9,0.4087
2.41,3.4,1.46,1,1.97,0.1241
3.41,6.37,4.28,6,11.57,0.625
3.25,6.27,6.27,6,13.55,0.5847
2.71,7.84,3.64,0,0.11,0.2465
3.35,4.99,1.82,1,5.2,0.341
2.97,4.01,4.83,9,18.58,0.5256
3.23,6.17,6.17,4,13.34,0.5621
3.44,7.86,5.2,2,1.91,0.5082
3.25,6.27,3.03,3,11.05,0.4549
2.85,5.42,3.82,6,15.37,0.427
2.94,6.57,4.3,3,9.36,0.4715
2.01,0.06,0.06,0,0.0,0.0
3.14,6.71,4.6,5,0.88,0.3697
3.21,6.02,3.47,5,14.07,0.5386
3.89,9.44,9.44,6,19.88,0.8509
2.71,4.36,2.38,8,18.7,0.3721
2.87,2.51,2.24,11,17.42,0.3672
2.0,3.54,2.16,1,4.94,0.1326
3.55,3.85,5.35,2,7.71,0.5796
3.09,4.94,3.62,9,19.59,0.4316
3.55,7.32,4.0,5,10.95,0.5728
3.04,5.49,2.0,7,19.14,0.4859
3.34,7.59,5.53,2,3.18,0.5241
3.71,7.09,4.59,1,5.47,0.5455
3.42,8.78,3.96,5,7.3,0.6605
2.81,7.19,4.69,4,13.01,0.4955
3.37,8.36,4.26,11,19.33,0.5585
3.63,9.94,4.84,1,4.19,0.6063
3.04,4.47,3.21,9,14.69,0.4855
3.2,6.61,2.15,2,4.42,0.4956
2.54,3.56,4.25,10,18.46,0.3917
2.94,2.56,2.47,7,18.64,0.4261
2.72,4.26,3.21,8,13.79,0.3849
2.33,3.66,2.87,1,3.16,0.3012
2.86,3.62,2.44,8,12.92,0.3928
2.68,5.95,3.52,13,20.32,0.4833
2.97,4.3,3.25,5,6.09,0.3538
3.61,6.64,5.41,10,16.82,0.6746
3.18,4.38,2.95,5,12.17,0.5432
3.43,6.85,4.27,8,18.98,0.5609
3.05,6.75,3.2,1,0.22,0.3372
3.41,7.03,7.03,7,15.07,0.6543
2.73,1.87,4.12,7,16.34,0.3851
2.78,5.19,1.93,4,4.47,0.3167
3.2,4.87,0.83,8,20.5,0.4978
3.01,7.39,2.64,7,10.74,0.4729
3.05,6.53,5.23,7,19.73,0.6164
3.2,7.56,5.1,4,9.75,0.5249
3.21,6.71,4.13,7,18.61,0.5945
2.76,4.51,1.95,1,0.1,0.2997
3.22,6.07,3.44,4,12.1,0.5045
3.35,6.44,3.99,11,21.02,0.5876
2.72,5.01,4.91,2,2.15,0.3455
2.13,0.64,0.64,0,0.0,0.0
2.47,4.47,1.84,0,0.93,0.1375
3.78,9.96,4.87,7,16.67,0.8129
2.36,1.8,1.8,0,0.0,0.0553
3.35,5.3,2.96,5,9.61,0.6045
3.28,7.21,2.36,10,21.62,0.7696
3.12,5.52,3.24,1,5.54,0.3658
2.41,3.02,2.41,3,11.79,0.1499
3.29,3.58,2.66,5,0.94,0.4923
3.17,5.83,5.83,6,12.66,0.5476
3.19,5.93,5.93,4,12.86,0.5419
2.79,6.79,4.02,4,7.89,0.5167
2.72,5.53,3.15,1,1.27,0.2546
2.32,3.42,2.8,6,12.83,0.2506
3.11,7.66,4.58,3,7.3,0.5323
2.73,3.24,2.4,5,13.79,0.3501
3.31,6.59,5.09,5,18.66,0.5777
2.77,4.99,2.84,6,10.94,0.2616
3.02,8.62,4.75,4,6.31,0.5626
3.37,7.27,3.64,5,16.03,0.5306
3.22,7.27,4.54,7,15.17,0.6526
2.83,4.17,4.17,3,9.34,0.3842
4.0,4.96,4.84,8,18.13,0.655
2.68,4.17,3.59,1,2.52,0.1869
2.47,3.22,2.33,4,6.35,0.2627
3.52,7.14,4.51,1,0.59,0.4632
3.57,7.86,7.86,8,16.71,0.7283
3.55,7.35,4.45,3,11.42,0.5226
2.0,1.39,2.48,2,4.49,0.1053
3.54,7.7,7.7,10,16.39,0.7233
3.15,6.84,4.2,7,19.1,0.5777
2.56,1.55,3.26,12,19.46,0.2654
2.79,3.93,3.93,4,8.86,0.3733
3.11,6.04,4.6,9,16.09,0.5079
3.17,6.3,4.31,2,1.66,0.4075
2.55,4.84,1.95,2,9.1,0.313
2.84,5.96,2.27,12,21.62,0.4677
3.42,7.18,3.08,7,15.47,0.4975
3.1,4.21,4.94,5,11.64,0.4253
2.98,5.34,4.09,1,1.78,0.1985
2.46,3.94,1.41,5,16.23,0.2202
3.06,5.31,5.31,8,11.62,0.5143
3.03,3.88,2.4,7,16.35,0.4569
2.92,5.82,3.31,3,7.45,0.3677
3.14,6.1,3.79,4,13.46,0.4729
3.81,7.2,5.79,10,16.15,0.7593
2.64,1.88,3.24,1,2.71,0.2591
2.65,4.51,2.56,2,7.48,0.204
3.15,5.09,4.56,1,1.71,0.3783
3.49,6.63,5.11,4,8.83,0.6164
2.53,3.44,1.84,6,14.53,0.3898
3.0,3.49,2.63,6,9.87,0.3452
2.18,3.69,2.55,1,1.35,0.2188
3.04,3.83,3.4,4,12.93,0.5496
2.15,4.54,1.4,2,3.63,0.2928
3.11,5.27,4.52,10,20.81,0.5572
3.4,5.82,5.72,5,11.46,0.5627
2.58,4.64,2.67,5,15.12,0.3378
3.2,7.82,5.46,9,21.21,0.7184
2.57,1.6,1.41,3,6.43,0.16
2.13,3.0,2.79,5,10.98,0.1298
2.69,3.47,3.47,0,0.0,0.18
2.83,3.63,1.8,2,6.21,0.2639
2.87,5.37,3.92,5,12.43,0.4317
2.68,5.63,2.99,4,10.16,0.407
2.64,7.02,3.03,5,18.12,0.4847
3.28,8.14,5.14,1,2.8,0.5007
2.56,2.48,3.36,8,12.67,0.2167
2.38,1.88,1.88,0,0.0,0.0613
3.68,8.4,8.4,8,17.79,0.7738
3.1,4.64,1.17,7,17.9,0.4271
2.81,5.03,2.19,3,11.61,0.4075
3.19,7.24,4.14,5,5.0,0.4949
2.86,4.33,1.86,5,8.63,0.3404
2.36,4.25,2.02,5,14.93,0.2953
3.74,9.31,4.46,8,21.01,0.7374
2.32,1.26,2.02,5,12.43,0.3146
3.0,4.15,2.71,5,9.77,0.4159
3.57,5.29,3.87,5,7.56,0.4567
3.2,4.73,4.36,2,8.74,0.4076
3.41,4.04,3.25,7,20.94,0.4874
3.53,7.64,7.64,5,16.27,0.6928
3.11,5.31,2.81,10,17.05,0.5285
3.39,7.7,3.53,1,4.31,0.5169
2.87,5.83,2.88,10,20.97,0.4418
2.0,2.27,0.64,2,1.35,0.1663
2.03,2.34,1.02,7,10.36,0.1774
3.03,7.09,4.07,5,16.36,0.6153
2.88,4.85,3.89,3,0.29,0.3864
2.06,2.81,3.07,7,14.68,0.2717
2.87,5.27,0.2,12,20.62,0.4082
3.05,4.61,2.97,6,21.3,0.5446
3.59,7.94,7.94,10,16.87,0.7435
3.3,6.41,4.74,7,18.63,0.5918
3.19,5.66,3.07,3,3.7,0.4731
2.79,3.64,0.99,0,0.83,0.0759
2.58,4.03,1.59,8,13.99,0.3571
3.92,7.56,4.81,9,16.56,0.6785
3.37,8.72,4.76,2,3.32,0.4804
2.41,2.04,2.04,0,0.0,0.0733
2.22,3.47,2.01,3,11.73,0.2778
3.34,4.86,3.65,1,3.68,0.4099
3.24,4.39,3.21,1,0.47,0.2739
2.68,2.48,3.46,5,13.21,0.3313
2.56,3.36,1.18,3,3.8,0.2944
2.25,4.59,1.17,5,9.1,0.2892
2.58,4.17,2.71,4,7.54,0.3673
3.79,8.96,8.96,12,18.92,0.8365
2.8,6.71,3.08,2,4.92,0.4271
2.74,4.53,2.6,5,8.15,0.2719
3.57,6.21,3.28,9,18.72,0.5179
3.18,6.4,4.72,11,17.67,0.6885
2.91,5.71,3.66,5,6.09,0.3315
3.54,8.64,5.27,3,0.02,0.5585
2.58,4.51,3.68,5,13.9,0.4704
3.16,3.47,2.53,8,20.54,0.4204
2.78,2.73,3.76,10,18.15,0.4254
3.11,7.41,3.66,8,14.62,0.6733
3.0,2.86,2.4,8,16.5,0.3971
3.22,4.72,3.16,3,3.51,0.3626
3.03,7.51,5.26,8,19.3,0.5963
3.2,6.88,5.2,9,20.28,0.6818
2.14,3.22,1.28,4,6.11,0.2037
2.54,3.18,2.69,10,18.38,0.3438
2.97,6.97,4.62,10,20.5,0.5598
2.6,3.94,1.9,8,13.03,0.345
2.69,6.41,3.73,9,15.39,0.5128
3.88,8.09,3.86,8,16.11,0.6909
2.86,2.63,3.44,4,12.89,0.358
2.83,2.62,1.07,8,12.51,0.3065
3.39,6.08,3.93,5,9.79,0.5579
3.83,7.27,5.34,7,21.95,0.64
2.37,4.07,1.55,7,11.89,0.2495
2.48,4.55,3.0,5,15.95,0.3145
2.22,3.35,1.56,5,10.87,0.2537
2.99,5.68,3.75,4,0.1,0.3116
3.17,4.97,2.9,2,1.41,0.3426
3.17,3.89,1.9,2,5.82,0.3371
3.78,8.19,4.56,6,10.71,0.6589
2.26,1.03,1.72,4,0.78,0.1058
2.61,3.03,3.03,0,0.0,0.147
3.14,6.9,6.04,2,1.27,0.5011
3.26,6.81,3.65,4,11.25,0.4596
2.5,2.67,0.82,2,5.42,0.3032
2.75,5.0,3.6,1,2.55,0.3146
3.12,6.0,4.48,6,19.09,0.5241
3.23,4.46,3.26,5,8.31,0.4702
2.78,3.59,4.46,1,2.19,0.3179
3.12,5.25,4.68,6,9.51,0.565
3.49,6.3,3.73,6,8.49,0.6325
2.11,1.95,3.29,7,9.56,0.154
2.82,5.78,1.29,7,20.29,0.385
3.66,6.49,4.52,3,7.1,0.636
2.42,2.96,1.75,8,21.22,0.3002
3.21,4.46,2.35,2,7.14,0.3904
2.45,4.67,1.35,4,10.72,0.2927
2.18,0.88,0.88,0,0.0,0.0
2.49,3.02,2.0,6,15.87,0.3853
3.33,4.58,3.89,5,13.56,0.4656
3.23,6.13,6.13,6,13.26,0.5729
2.33,3.76,1.08,4,4.84,0.2483
3.1,7.29,4.64,9,15.06,0.5718
3.21,5.87,2.68,5,9.99,0.3955
3.37,6.77,3.32,6,16.8,0.6262
3.27,8.72,5.87,4,13.57,0.6181
2.0,1.94,1.88,12,21.76,0.2634
2.76,3.35,1.24,8,13.74,0.3677
3.76,6.41,4.67,5,16.84,0.6543
3.01,5.54,4.35,8,20.15,0.5858
2.61,2.87,2.47,2,7.01,0.2789
3.24,6.81,4.2,4,9.05,0.5167
2.87,3.2,4.97,4,9.24,0.3678
2.24,1.2,1.2,0,0.0,0.0102
3.03,4.93,3.04,2,1.67,0.4474
3.42,7.09,7.09,6,15.19,0.6537
2.71,4.3,3.6,3,11.29,0.4094
2.6,1.97,1.8,9,21.32,0.3854
3.12,7.08,3.85,7,21.71,0.6324
2.56,5.77,2.8,3,6.55,0.2192
3.07,7.62,3.31,7,11.15,0.5618
3.54,7.68,7.68,6,16.35,0.7026
2.65,3.89,3.25,5,15.59,0.3518
2.86,3.24,2.81,7,10.58,0.3809
3.04,5.65,3.67,6,20.29,0.53
2.61,6.36,2.41,6,12.67,0.4196
4.0,8.01,5.12,2,4.09,0.6602
3.02,5.93,3.59,2,3.33,0.3965
2.96,5.65,3.18,3,3.32,0.411
3.42,7.08,3.84,9,20.83,0.6847
3.62,5.68,3.49,7,12.39,0.5157
3.53,5.78,4.49,4,12.51,0.5671
2.7,2.84,2.39,1,5.78,0.1925
3.46,7.31,7.31,8,15.63,0.6828
2.07,2.46,0.0,5,13.16,0.23
2.72,3.62,1.75,7,12.14,0.3115
2.99,5.27,4.01,7,11.91,0.4718
3.89,9.46,9.46,7,19.92,0.8582
2.89,5.24,4.37,3,0.81,0.4209
3.38,7.03,4.98,3,11.43,0.6112
2.4,2.59,3.0,5,5.44,0.2795
2.34,1.72,1.72,0,0.0,0.0493
3.03,6.42,3.27,6,10.29,0.6094
2.13,3.6,1.02,4,9.85,0.2965
2.33,3.55,2.55,6,12.16,0.37
3.51,7.33,4.25,6,10.81,0.5272
2.6,4.7,3.57,2,1.69,0.442
3.62,6.27,4.27,5,6.38,0.5868
2.93,5.11,6.15,2,3.4,0.4431
2.91,5.92,2.79,7,13.44,0.4731
3.37,5.48,4.09,8,15.66,0.5763
2.23,4.63,3.28,9,18.02,0.3324
3.11,4.82,2.98,5,17.7,0.5199
2.15,4.27,2.82,11,18.8,0.3417
3.34,6.63,4.91,4,12.78,0.5265
2.61,3.08,2.65,0,0.44,0.1782
2.73,3.57,2.18,4,10.06,0.3981
2.03,0.52,1.87,5,18.57,0.2191
3.4,6.19,3.4,6,16.67,0.5112
3.33,6.17,3.66,10,15.0,0.5497
3.09,2.31,2.27,7,9.46,0.4472
3.15,4.52,3.73,3,11.31,0.4598
2.5,3.87,2.45,7,18.53,0.3604
2.42,6.17,2.35,2,1.2,0.2479
3.51,8.96,3.59,2,8.53,0.6436
3.04,5.21,5.21,8,11.42,0.5059
2.9,4.52,3.69,7,21.02,0.4747
3.11,5.48,2.06,2,1.95,0.3697
2.64,4.28,2.56,4,10.8,0.3192
3.24,5.28,3.73,9,21.06,0.5076
2.98,6.67,4.94,2,2.85,0.3985
3.82,6.98,3.9,10,17.69,0.6775
2.87,5.52,2.94,2,5.7,0.4647
3.04,6.54,3.32,5,15.0,0.5675
3.05,5.23,5.23,6,11.46,0.497
3.8,9.0,9.0,12,19.0,0.8399
3.19,5.56,4.04,3,7.17,0.4101
3.0,7.09,4.56,5,6.52,0.4952
3.06,6.01,3.65,1,3.59,0.3872
2.85,4.95,2.82,2,6.8,0.4355
2.64,4.71,3.38,6,16.5,0.4214
2.93,5.95,3.67,1,1.95,0.3717
2.83,7.58,4.72,7,14.01,0.4959
2.38,3.79,1.25,2,5.26,0.2539
3.32,4.43,2.31,1,1.92,0.2918
3.41,6.02,3.63,9,21.83,0.6127
2.56,4.08,1.58,8,17.21,0.3575
3.01,8.66,4.19,4,14.38,0.5998
3.53,5.28,3.22,3,6.68,0.5003
3.29,5.01,4.8,1,2.65,0.4166
2.94,4.02,5.2,9,20.29,0.5634
2.16,0.78,0.78,0,0.0,0.0
2.23,2.22,1.84,3,9.67,0.2326
2.66,4.85,2.25,4,5.64,0.2692
3.55,6.64,3.6,2,4.54,0.5715
2.87,7.67,3.75,7,16.43,0.4157
2.74,3.62,1.84,3,3.39,0.3036
2.86,5.5,3.47,1,3.7,0.4053
3.35,8.77,5.17,4,9.1,0.6406
2.93,9.15,1.23,5,9.95,0.5296
2.82,3.79,3.16,5,11.62,0.3625
2.62,3.09,3.09,0,0.0,0.1515
3.16,5.79,5.79,8,12.58,0.5548
2.97,4.77,2.11,9,14.83,0.3713
3.33,7.34,2.9,7,17.44,0.5291
2.87,3.75,3.5,2,6.14,0.3796
2.49,2.83,3.32,1,0.33,0.2661
2.92,6.02,2.87,1,4.1,0.3653
2.67,3.51,3.29,1,5.14,0.2785
2.94,3.32,2.35,2,8.43,0.3558
2.82,6.49,3.87,5,12.33,0.4394
3.29,8.05,3.78,4,10.56,0.6402
3.62,7.52,4.73,3,4.57,0.6126
3.21,7.16,3.46,5,0.59,0.5002
2.07,0.36,0.36,0,0.0,0.0
3.16,8.34,5.96,4,8.16,0.5556
3.42,5.24,5.55,4,7.21,0.4851
2.87,3.1,3.79,2,2.48,0.3519
3.1,4.81,4.59,3,9.91,0.4581
3.36,4.76,3.84,5,11.24,0.4991
2.44,2.2,2.2,0,0.0,0.0853
2.45,3.5,2.43,7,16.11,0.4702
2.8,5.26,3.45,6,12.38,0.4473
2.55,2.73,3.11,1,1.78,0.2618
2.77,4.13,3.27,6,18.05,0.4181
3.39,9.15,3.97,7,19.43,0.6685
2.87,3.66,2.62,5,13.34,0.2875
2.33,2.84,1.29,2,3.51,0.214
2.42,2.53,3.26,3,4.44,0.2279
2.55,1.58,3.38,3,1.51,0.2253
2.85,4.64,3.96,3,8.09,0.4136
2.49,1.63,3.45,7,18.03,0.3543
2.81,5.86,3.56,5,0.56,0.3452
3.08,5.02,2.31,13,20.12,0.4774
3.51,6.02,2.53,8,14.2,0.5117
3.64,8.66,5.35,4,14.5,0.5279
2.45,2.68,1.0,3,12.44,0.2436
3.07,5.99,5.39,2,1.91,0.4614
3.21,8.53,2.86,9,16.84,0.6
2.79,4.77,2.33,5,10.07,0.3652
3.39,7.06,4.63,2,2.38,0.5363
2.6,5.56,2.63,1,4.04,0.1787
2.92,8.97,4.53,5,17.25,0.7133
3.03,7.36,4.53,8,21.31,0.6334
2.79,5.39,2.48,9,18.07,0.4812
2.6,5.58,2.03,2,7.96,0.2549
4.0,6.88,5.57,3,4.69,0.6241
2.59,3.92,2.85,9,18.42,0.4865
3.01,5.07,5.07,7,11.14,0.4892
2.86,7.65,4.24,3,5.3,0.4535
2.42,4.1,1.62,7,12.73,0.3142
2.82,6.08,4.26,10,16.47,0.5233
2.69,4.39,3.79,7,19.42,0.4669
2.45,4.82,0.95,6,9.39,0.3528
3.81,8.61,5.33,1,2.14,0.5888
2.23,1.16,1.16,0,0.0,0.0072
3.11,5.63,3.8,2,3.5,0.32
2.3,2.31,1.96,6,13.73,0.2713
3.13,5.73,4.72,4,5.57,0.3982
2.72,5.32,2.09,8,12.03,0.3747
2.92,5.02,2.4,1,0.54,0.3094
2.6,4.62,2.94,2,8.67,0.2612
3.53,7.42,5.81,3,8.0,0.6199
2.76,4.04,2.39,3,3.61,0.3685
3.73,8.64,8.64,10,18.27,0.8025
2.5,3.95,2.31,2,7.94,0.2729
2.44,4.89,2.58,6,12.3,0.3747
3.05,6.78,4.71,5,0.43,0.4882
2.63,2.88,3.17,5,11.61,0.3854
3.66,8.3,8.3,8,17.59,0.7654
2.88,4.81,4.6,7,15.72,0.5262
3.73,6.75,4.49,1,1.19,0.4721
2.99,7.8,5.13,4,4.74,0.5363
2.72,5.05,4.24,2,0.2,0.4362
2.28,1.38,1.38,0,0.0,0.0237
2.82,4.11,4.11,2,9.22,0.367
3.38,7.84,4.59,5,17.81,0.6531
3.12,6.15,4.1,1,3.61,0.3672
3.42,5.63,4.6,11,18.67,0.6282
2.98,4.84,3.81,2,3.51,0.3531
2.9,6.14,2.1,7,21.72,0.4636
3.17,5.46,3.9,4,15.26,0.441
3.11,3.67,3.52,1,1.64,0.2928
3.14,6.33,4.05,6,9.85,0.5811
3.29,7.4,4.29,2,0.61,0.4429
2.51,3.72,2.54,6,9.61,0.2949
3.69,8.98,4.49,2,1.5,0.5334
2.48,1.98,1.65,8,20.84,0.2788
3.22,8.28,3.82,12,18.64,0.6312
2.43,3.22,1.44,8,20.62,0.3579
3.0,3.98,1.64,4,6.86,0.3612
2.5,3.96,4.12,5,17.01,0.3506
3.0,5.9,3.54,2,5.06,0.3698
2.72,3.47,2.47,3,3.58,0.2354
3.07,7.45,3.66,7,14.51,0.5292
3.05,4.94,2.86,2,9.31,0.3373
3.45,6.36,3.87,6,13.2,0.6292
2.88,4.39,4.39,6,9.78,0.4262
3.08,5.67,1.88,4,7.38,0.3381
3.84,8.47,5.0,3,0.03,0.6138
2.21,2.69,0.66,10,17.69,0.327
2.51,4.06,2.71,4,9.45,0.2667
2.0,1.74,2.06,4,10.35,0.1976
2.88,5.28,1.56,9,20.72,0.3747
3.48,7.57,4.62,2,2.87,0.5927
2.67,6.43,3.27,4,14.24,0.3746
3.27,8.47,4.79,1,1.08,0.5141
2.9,3.65,0.96,7,11.98,0.3609
2.55,1.78,1.04,6,13.15,0.2541
2.88,0.98,2.64,1,3.42,0.3549
2.41,4.52,1.98,10,21.55,0.4044
3.23,4.82,3.4,3,0.86,0.3072
2.84,3.87,2.59,6,12.04,0.3214
3.31,5.44,2.42,3,7.89,0.4039
2.26,2.29,0.97,5,13.59,0.4086
2.8,5.06,2.87,1,0.94,0.1745
3.02,5.19,3.17,6,18.3,0.4874
2.98,6.17,4.05,7,15.61,0.4811
2.05,4.32,2.13,5,7.52,0.2074
2.61,3.07,3.07,0,0.0,0.15
3.25,5.66,2.94,3,5.17,0.4147
3.59,7.96,7.96,5,16.91,0.7197
3.23,3.97,4.18,5,0.75,0.4304
2.62,4.14,3.79,11,17.64,0.4079
3.33,6.02,3.21,3,3.6,0.4484
3.23,5.02,3.76,1,3.13,0.3915
2.33,5.61,2.4,1,3.35,0.3105
2.9,4.51,4.51,6,10.02,0.4364
2.16,1.76,3.37,4,8.3,0.28
2.81,4.73,3.56,5,0.39,0.3381
2.78,3.48,2.63,11,18.76,0.2695
3.34,2.8,2.46,1,2.02,0.3964
2.89,5.24,4.47,8,11.97,0.5577
2.37,3.66,2.31,5,11.72,0.3033
2.81,3.52,4.73,12,19.93,0.4191
3.03,4.03,2.38,5,14.59,0.4342
2.88,3.72,4.22,8,20.12,0.419
3.04,5.7,4.38,5,7.55,0.4385
3.06,8.91,4.9,5,6.91,0.5265
2.85,5.33,3.25,11,19.2,0.441
3.24,6.19,6.19,4,13.38,0.5638
3.34,7.24,2.97,2,1.67,0.4733
2.71,1.97,1.99,6,17.33,0.2658
2.83,5.86,3.09,7,14.5,0.3839
2.25,4.45,4.04,7,21.12,0.3747
2.87,4.71,3.25,7,21.33,0.4595
2.78,3.59,3.01,3,10.82,0.466
3.04,5.81,3.34,11,20.97,0.5759
2.43,3.02,0.83,3,2.78,0.2588
3.19,8.59,5.8,11,21.96,0.6519
2.76,2.99,2.78,6,9.36,0.3459
2.71,4.27,2.61,2,1.39,0.3122
3.58,6.19,3.09,6,10.17,0.5069
3.79,8.74,5.32,1,5.13,0.643
3.26,6.67,4.12,8,14.75,0.4856
2.3,4.38,1.57,7,12.17,0.3863
3.3,6.92,5.07,9,18.41,0.7203
2.91,6.45,3.53,4,11.28,0.4628
3.46,5.54,4.96,5,16.07,0.4913
2.87,4.9,3.17,6,14.73,0.3825
2.54,4.81,4.08,5,9.43,0.4326
2.22,2.29,1.75,1,1.06,0.1527
2.75,3.64,3.01,10,17.15,0.5285
2.73,3.61,2.75,2,3.37,0.2304
3.62,5.85,4.2,2,6.14,0.3909
2.49,3.18,3.52,8,19.3,0.4012
2.49,5.94,2.95,2,2.65,0.2851
2.63,4.5,2.74,4,7.2,0.3625
2.86,6.16,3.64,4,6.51,0.4399
2.11,0.56,0.56,0,0.0,0.0
2.31,2.28,0.13,6,9.23,0.1733
3.55,6.28,3.74,8,14.77,0.615
3.13,4.77,4.29,1,3.84,0.3924
2.99,4.07,4.48,5,15.09,0.4142
3.51,8.65,3.78,4,8.77,0.59
2.97,6.19,5.17,7,15.22,0.4617
3.3,4.02,2.58,5,10.5,0.4497
2.0,3.45,1.73,6,12.79,0.2974
2.64,3.85,2.37,9,19.34,0.4137
3.53,6.05,3.8,4,7.65,0.467
3.75,4.64,3.64,2,3.21,0.4045
2.2,2.34,3.44,7,21.96,0.3075
2.96,5.33,4.34,2,0.11,0.3323
3.5,7.49,7.49,6,15.99,0.6874
3.65,5.0,4.61,5,12.55,0.5381
2.63,3.03,3.0,11,21.63,0.4277
3.27,6.35,6.35,8,13.71,0.602
3.71,8.54,8.54,9,18.07,0.7901
3.12,4.84,2.05,11,18.56,0.5251
3.25,6.8,4.24,8,12.45,0.6534
3.12,4.95,2.6,12,21.15,0.5473
2.45,3.27,3.48,4,6.36,0.3049
3.13,6.97,3.45,4,7.31,0.4842
2.8,5.33,3.09,13,21.79,0.3874
2.75,3.78,4.18,2,1.13,0.3528
2.85,6.32,3.64,5,17.34,0.3876
2.87,5.64,3.71,1,3.42,0.3143
3.44,6.26,4.16,8,18.42,0.668
3.12,6.8,2.98,2,1.49,0.3167
3.7,7.13,5.73,2,2.91,0.5449
3.19,5.81,3.29,3,3.94,0.4225
3.22,5.85,3.9,4,14.35,0.5497
2.0,1.8,2.64,5,12.52,0.2133
3.68,7.76,4.69,3,8.31,0.6639
3.41,7.07,7.07,9,15.15,0.667
3.3,4.99,3.97,6,11.95,0.488
3.03,3.93,2.83,5,13.96,0.4785
2.65,5.19,2.69,8,20.22,0.4879
2.49,2.44,2.44,0,0.0,0.1034
3.18,4.3,3.15,0,0.43,0.2577
2.52,3.02,3.1,4,8.58,0.2429
3.26,4.05,2.43,5,11.06,0.4799
3.29,8.35,4.53,11,18.44,0.6252
3.43,7.15,7.15,4,15.31,0.6447
2.37,3.53,2.87,5,10.74,0.2977
3.41,7.05,7.05,5,15.11,0.6439
2.91,5.23,4.08,8,13.12,0.5408
2.67,2.55,1.81,10,17.74,0.4151
3.2,2.0,3.34,4,14.89,0.3772
2.92,5.4,2.84,11,19.78,0.5022
2.75,3.71,2.42,2,1.47,0.2466
2.86,4.0,3.67,3,12.31,0.4527
2.37,1.86,1.86,0,0.0,0.0598
2.9,4.46,3.79,5,12.05,0.4257
3.72,7.81,5.52,4,10.45,0.597
2.1,2.5,2.43,7,17.38,0.3648
3.01,7.08,3.65,9,18.95,0.501
2.83,3.17,3.05,2,7.59,0.3829
3.33,6.21,4.03,10,16.33,0.6098
2.64,2.41,2.57,3,5.8,0.2547
3.25,3.32,2.26,6,21.26,0.3511
3.43,9.85,3.19,5,16.65,0.6643
3.13,4.67,3.42,6,17.03,0.4825
2.51,3.25,2.22,5,12.82,0.3386
2.54,1.95,1.12,7,14.19,0.3286
3.2,8.39,5.06,9,17.14,0.497
2.62,4.87,1.82,3,3.46,0.2551
3.39,6.09,3.86,5,9.46,0.5245
3.64,7.4,4.34,2,5.48,0.4682
4.0,6.32,4.19,3,4.91,0.6096
2.72,5.23,2.37,6,10.16,0.3129
3.41,5.25,3.26,8,17.34,0.5658
2.84,2.03,3.63,4,14.11,0.3495
2.62,4.59,4.61,1,6.18,0.2834
3.14,6.52,3.72,2,6.99,0.4452
2.55,5.26,1.65,1,5.99,0.2336
2.18,3.72,2.28,6,8.82,0.2908
3.23,9.76,4.45,5,0.6,0.5988
2.78,6.08,4.47,8,17.3,0.4093
2.66,5.36,2.55,10,20.15,0.3959
3.16,4.78,4.42,6,12.73,0.4628
2.76,3.81,3.81,5,8.62,0.3709
3.27,6.37,6.37,4,13.75,0.5789
3.17,4.62,3.5,1,5.74,0.3716
2.33,3.67,2.07,6,21.26,0.4183
2.93,4.27,4.47,6,12.12,0.422
2.6,2.8,1.14,6,19.07,0.2717
3.7,8.48,8.48,7,17.95,0.7756
3.49,7.29,3.3,10,18.62,0.6228
3.18,4.69,5.11,3,5.08,0.4288
2.53,5.27,1.37,5,9.74,0.3033
2.77,4.79,3.86,9,14.51,0.463
2.94,4.57,3.9,6,13.22,0.474
2.67,5.83,3.86,2,5.63,0.325
3.26,7.1,4.89,0,0.36,0.4095
2.87,3.2,2.07,4,12.94,0.3081
3.79,7.47,5.4,1,1.69,0.5098
2.79,4.24,3.63,2,5.79,0.3874
3.05,7.46,2.99,4,0.93,0.4421
2.53,4.7,2.5,9,14.06,0.4071
3.46,5.71,3.39,4,10.97,0.5
3.4,7.51,4.41,2,8.38,0.5586
3.23,7.18,4.25,8,12.51,0.5993
2.25,2.23,1.7,5,7.77,0.2628
3.23,8.52,5.5,4,5.38,0.5639
2.39,1.94,1.94,0,0.0,0.0658
3.69,8.82,4.76,4,7.21,0.611
3.78,7.17,6.42,0,0.45,0.5205
3.02,6.48,3.56,5,6.94,0.4592
3.25,5.21,5.24,8,12.66,0.5719
2.33,1.64,1.64,0,0.0,0.0432
3.67,6.03,4.96,7,10.22,0.6287
2.61,4.7,2.22,5,10.56,0.3685
3.14,6.04,4.83,5,15.86,0.5811
2.92,5.65,3.46,2,3.31,0.4099
2.65,4.52,2.0,9,14.44,0.3777
3.81,7.03,7.37,2,6.03,0.6422
2.43,5.02,1.18,5,8.34,0.2334
3.47,7.37,7.37,7,15.75,0.683
2.18,0.92,0.92,0,0.0,0.0
2.51,2.57,2.57,0,0.0,0.1124
3.64,6.14,4.64,7,12.41,0.5829
3.58,7.9,7.9,7,16.79,0.7268
3.32,6.01,5.4,7,10.31,0.6645
3.8,8.98,8.98,7,18.96,0.8178
2.0,0.79,1.33,3,4.91,0.0609
2.89,5.57,2.9,9,13.56,0.4626
3.54,6.46,5.24,8,17.26,0.6926
2.63,4.04,3.47,1,2.27,0.2306
2.42,2.98,1.37,4,7.5,0.2144
2.95,6.9,3.86,12,19.09,0.4738
2.62,5.11,4.39,3,3.66,0.3317
2.89,5.69,4.04,4,6.51,0.4667
2.36,1.82,1.82,0,0.0,0.0568
2.7,5.8,4.07,6,14.31,0.4101
2.77,5.42,3.81,6,11.53,0.4819
3.25,6.07,4.18,7,15.65,0.5339
2.7,5.19,3.83,3,5.98,0.3455
3.41,7.0,3.9,4,8.29,0.5368
2.65,5.62,3.65,8,17.61,0.3741
2.52,4.52,2.46,5,9.59,0.4041
2.74,5.69,3.15,4,0.95,0.371
3.28,6.39,6.39,8,13.79,0.6053
2.0,2.16,0.74,4,11.71,0.1367
2.29,4.2,2.25,1,3.92,0.2441
3.13,6.56,2.72,4,7.31,0.4951
2.45,3.55,3.13,2,9.13,0.2983
2.82,2.77,2.56,5,11.72,0.2787
3.36,7.33,5.16,8,18.9,0.6149
2.25,3.38,1.66,5,11.04,0.2188
2.9,5.39,1.55,5,10.14,0.275
2.39,3.27,0.04,7,9.82,0.2525
2.42,3.87,4.19,4,12.71,0.3231
3.64,6.39,6.57,7,13.11,0.6563
2.26,2.76,1.99,2,4.3,0.0931
2.66,3.99,2.56,11,19.39,0.4469
2.24,4.34,3.28,5,13.56,0.2088
3.28,7.25,4.05,10,19.0,0.5528
3.92,9.62,9.62,11,20.24,0.8887
2.53,2.96,2.3,6,12.66,0.2825
3.38,6.32,4.48,6,8.12,0.485
2.96,7.28,4.04,4,8.16,0.4455
2.38,2.67,1.96,9,21.66,0.3837
2.88,5.95,3.37,3,3.23,0.3872
2.01,4.35,1.75,10,15.56,0.2929
2.57,4.46,2.16,2,7.56,0.2743
3.87,9.34,9.34,12,19.68,0.8685
2.83,2.69,2.96,3,7.86,0.2523
2.6,7.24,3.15,6,19.1,0.5008
2.91,5.75,3.48,10,19.98,0.5005
3.1,5.86,4.12,4,5.75,0.4597
2.71,3.86,1.6,6,15.76,0.3872
3.25,5.55,3.4,1,1.95,0.3005
2.56,5.45,3.24,1,3.31,0.3062
2.89,4.78,3.25,8,13.5,0.3913
2.72,6.42,4.1,13,20.28,0.5019
3.1,6.12,3.66,2,2.31,0.4428
3.77,8.86,8.86,11,18.72,0.8247
3.39,6.52,5.6,6,14.48,0.6499
3.19,7.79,4.94,8,15.11,0.5596
3.62,6.73,3.86,11,18.73,0.7056
2.17,4.2,1.34,2,6.71,0.2304
2.97,7.85,4.31,4,9.5,0.5284
3.19,6.25,4.32,4,6.3,0.5032
3.24,1.68,2.16,7,20.03,0.4262
3.07,7.12,3.31,6,21.45,0.5141
3.6,7.98,7.98,8,16.95,0.7385
3.52,5.93,4.36,5,11.55,0.6009
2.5,3.41,1.85,2,3.08,0.2516
3.38,6.2,3.68,4,10.92,0.4904
3.93,8.72,5.5,4,8.83,0.7466
3.03,5.15,5.15,8,11.3,0.5008
2.69,3.7,3.22,9,16.39,0.4245
2.82,4.94,3.03,7,21.32,0.5006
3.08,8.0,4.44,2,0.83,0.4718
3.45,7.62,4.81,5,7.02,0.5266
2.42,2.67,1.42,4,8.5,0.2892
3.42,5.75,2.68,7,12.65,0.5353
3.03,6.98,5.06,1,5.53,0.3512
2.57,5.49,2.9,12,19.06,0.5018
3.64,6.85,2.67,9,20.35,0.544
3.2,7.85,5.46,0,0.49,0.4045
3.56,6.03,4.25,2,4.57,0.5108
3.41,4.98,3.51,6,21.84,0.5161
3.06,4.95,2.36,5,7.25,0.4419
2.65,3.27,3.27,0,0.0,0.165
2.76,8.95,2.95,4,11.95,0.4773
2.15,4.78,2.04,9,20.12,0.436
3.34,5.33,2.58,5,18.61,0.569
2.91,5.45,3.97,10,18.5,0.4278
2.0,2.79,1.12,9,13.37,0.188
3.92,9.6,9.6,7,20.2,0.87
2.61,4.01,3.61,6,19.44,0.4379
2.76,4.0,2.54,2,1.79,0.2288
2.74,4.86,2.03,3,6.28,0.2679
3.05,5.25,5.25,8,11.5,0.5093
2.8,4.68,1.85,1,1.96,0.2946
3.4,7.65,4.7,3,12.2,0.5604
2.39,2.89,2.37,4,7.61,0.2642
3.04,8.39,4.08,5,14.89,0.5337
2.64,4.5,2.26,3,7.63,0.35
3.56,6.63,3.81,11,19.06,0.6114
3.82,7.42,3.83,4,9.52,0.513
2.29,1.06,3.2,9,13.58,0.3375
2.91,2.42,2.44,4,11.47,0.2955
2.75,4.7,0.88,10,18.65,0.3036
2.89,3.98,4.8,4,6.52,0.3224
2.95,3.86,2.78,7,17.27,0.3649
3.02,4.75,4.65,7,20.57,0.4734
2.73,5.65,2.42,2,4.06,0.3296
2.17,0.84,0.84,0,0.0,0.0
2.85,2.53,1.66,11,19.68,0.4426
2.6,2.99,2.99,0,0.0,0.1439
3.04,5.82,2.82,11,21.93,0.4697
3.56,7.48,4.23,6,15.99,0.5821
2.95,4.49,2.68,3,6.45,0.3297
2.56,6.18,1.55,6,15.71,0.4329
2.71,4.24,0.59,5,10.93,0.2511
2.03,2.28,0.38,9,16.29,0.2113
3.16,5.98,2.17,13,21.69,0.5989
2.67,4.47,2.11,3,11.92,0.3917
2.51,4.3,1.84,5,11.52,0.216
2.18,1.0,1.01,3,6.99,0.0775
3.47,5.96,4.63,7,16.19,0.5612
2.69,3.02,3.42,4,7.41,0.307
2.53,6.88,3.51,4,12.26,0.4489
2.95,5.56,4.42,5,17.18,0.5147
3.14,5.69,5.69,7,12.38,0.5414
3.64,6.39,4.58,7,16.07,0.5956
2.42,4.06,2.1,7,12.09,0.2473
2.0,1.23,1.33,5,13.36,0.2652
2.7,4.58,2.86,3,5.11,0.3538
3.65,7.1,4.37,10,16.59,0.6734
3.4,6.24,3.83,5,17.01,0.662
2.67,4.79,2.31,1,1.94,0.2928
2.78,4.5,3.14,5,12.77,0.3945
2.14,0.68,0.68,0,0.0,0.0
2.42,4.93,4.49,6,17.59,0.3648
3.47,5.32,4.4,12,21.17,0.6094
2.7,3.34,4.3,3,2.13,0.3324
3.17,4.65,4.7,3,9.86,0.5581
2.42,2.73,2.19,2,4.25,0.1382
2.67,4.77,3.09,8,21.57,0.5488
2.67,5.38,3.13,8,13.92,0.4894
2.25,2.95,1.91,7,10.32,0.297
2.5,4.62,3.03,2,0.56,0.3043
2.89,5.02,2.5,2,6.19,0.2712
3.08,4.91,4.01,4,8.3,0.3905
2.88,5.25,2.77,4,10.77,0.3266
2.82,4.72,3.18,9,17.39,0.3868
3.0,4.33,4.3,5,10.78,0.4191
3.47,8.32,4.94,9,16.5,0.618
3.07,4.31,4.37,3,7.1,0.4881
3.02,3.43,0.64,4,9.5,0.4017
2.59,4.35,2.92,3,6.83,0.2836
2.99,6.38,4.45,1,3.4,0.3497
2.83,5.31,3.14,1,3.87,0.3669
3.73,5.81,3.29,1,4.09,0.4254
3.75,6.6,6.31,3,10.49,0.6763
3.68,8.38,8.38,6,17.75,0.7616
3.16,7.76,4.35,5,18.54,0.6577
